"season","team","conference","games","time_of_poss_total","pass_comps","pass_atts","net_pass_yds","pass_TDs","interceptions","rush_atts","rush_yds","rush_TDs","total_yds","fumbles_lost","turnovers","first_downs","third_downs","third_down_convs","fourth_down_convs","fourth_downs","penalties","penalty_yds","kick_returns","kick_return_yds","kick_return_TDs","punt_returns","punt_return_yds","punt_return_TDs","passes_intercepted","passes_intercepted_yds","passes_intercepted_TDs"
2019,"San José State","Mountain West",12,19030,305,497,4056,24,7,308,1073,19,5129,5,12,257,159,65,7,16,73,603,27,492,0,10,63,0,16,116,0
2019,"Duke","ACC",12,20898,213,378,2152,18,14,495,1804,16,3956,15,29,224,195,64,20,33,63,544,37,923,2,22,231,1,9,88,0
2019,"UCLA","Pac-12",12,21861,260,426,3066,22,12,490,1802,18,4868,10,22,269,185,77,13,29,81,663,29,416,1,8,180,1,5,76,0
2019,"South Alabama","Sun Belt",12,20556,149,282,1906,14,11,509,2058,15,3964,11,22,216,169,51,12,26,69,541,40,712,0,12,41,0,9,37,0
2019,"Marshall","Conference USA",13,24112,200,355,2605,16,11,532,2504,21,5109,7,18,271,181,69,6,14,75,680,37,578,0,21,248,2,10,166,1
2019,"Virginia","ACC",14,27768,337,520,3748,23,15,442,1697,28,5445,6,21,296,203,92,9,16,66,612,42,1204,2,27,158,0,12,279,2
2019,"Oklahoma State","Big 12",13,22497,232,362,2916,23,12,562,3019,27,5935,8,20,287,186,73,11,21,67,612,34,540,0,20,164,0,12,121,2
2019,"North Carolina","ACC",13,23655,265,431,3716,39,7,528,2446,13,6162,5,12,315,191,79,15,23,80,701,24,518,0,13,81,0,14,58,1
2019,"Georgia Tech","ACC",12,19230,124,269,1607,14,10,448,1829,12,3436,10,20,181,164,49,8,17,57,493,36,715,0,16,76,0,7,65,0
2019,"Florida State","ACC",13,20480,279,432,3479,24,13,477,1829,24,5308,8,21,265,192,68,11,19,119,953,21,483,0,21,132,0,8,94,1
2019,"Rutgers","Big Ten",12,21627,154,278,1672,7,15,457,1605,11,3277,8,23,160,178,61,6,14,76,709,39,727,0,13,35,0,6,8,0
2019,"Kansas State","Big 12",13,26090,180,302,2344,12,5,538,2314,29,4658,8,13,254,174,75,9,15,77,679,34,1003,4,16,163,1,11,128,0
2019,"Charlotte","Conference USA",13,24958,195,321,2749,24,14,527,2605,26,5354,5,19,270,157,64,13,23,68,594,30,380,0,19,127,1,9,101,1
2019,"Eastern Michigan","Mid-American",13,22260,313,465,3681,26,12,418,1590,21,5271,5,17,285,169,67,12,25,59,531,23,254,0,16,180,1,11,137,0
2019,"Miami (OH)","Mid-American",14,23736,183,337,2495,11,10,533,1833,22,4328,8,18,216,201,67,6,17,80,683,41,881,0,23,313,1,11,219,3
2019,"Bowling Green","Mid-American",12,21114,189,336,1888,9,15,502,1941,15,3829,6,21,204,184,61,7,32,84,710,43,799,0,18,94,0,7,77,0
2019,"West Virginia","Big 12",12,20418,289,454,2984,21,15,334,879,7,3863,5,20,212,179,62,10,19,71,586,35,656,1,12,55,0,8,102,1
2019,"Rice","Conference USA",12,22472,180,320,1992,13,4,433,1538,14,3530,12,16,204,175,66,8,18,45,345,28,530,0,15,138,0,6,7,0
2019,"New Mexico","Mountain West",12,21459,163,331,2340,13,15,501,2463,20,4803,11,26,245,169,62,6,16,81,729,29,627,0,24,147,0,4,71,1
2019,"Nebraska","Big Ten",12,20813,194,323,2551,12,9,544,2439,27,4990,11,20,250,187,77,10,23,61,518,25,420,0,17,128,1,11,177,2
2019,"Wyoming","Mountain West",13,23865,120,256,1770,11,9,575,2792,27,4562,6,15,230,188,81,6,12,67,634,11,305,0,34,366,0,12,199,2
2019,"Ohio","Mid-American",13,24780,203,335,2866,21,6,526,2883,36,5749,13,19,296,168,83,5,9,70,627,35,803,0,30,154,0,5,23,0
2019,"Oregon State","Pac-12",12,20499,260,420,3061,30,4,411,1881,21,4942,2,6,267,163,69,13,24,78,702,40,713,0,13,72,0,8,55,1
2019,"NC State","ACC",12,21154,244,463,2749,14,10,418,1814,14,4563,11,21,259,182,64,14,29,71,627,23,412,0,15,203,1,4,27,0
2019,"Utah","Pac-12",14,28820,233,321,3187,20,4,591,2819,34,6006,9,13,300,176,81,11,26,103,870,11,176,0,26,249,1,14,273,4
2019,"Memphis","American Athletic",14,25713,281,441,4177,33,11,551,2614,32,6791,9,20,325,194,89,14,24,103,839,46,1206,3,26,187,1,11,53,1
2019,"Western Michigan","Mid-American",13,23655,246,413,3128,21,8,503,2666,35,5794,6,14,288,190,86,16,28,82,759,36,882,0,15,51,0,13,220,2
2019,"Iowa","Big Ten",13,24981,243,411,2976,16,7,453,1789,17,4765,5,12,248,190,78,15,21,56,421,23,531,2,15,121,0,12,73,1
2019,"Pittsburgh","ACC",13,23926,316,513,3402,17,10,441,1544,11,4946,12,22,268,211,84,8,17,102,888,18,287,0,36,199,1,9,132,1
2019,"Coastal Carolina","Sun Belt",12,24056,217,334,2379,21,9,520,2346,24,4725,8,17,267,172,70,23,29,67,586,20,267,0,14,183,1,11,127,0
2019,"East Carolina","American Athletic",12,21288,270,451,3466,22,10,449,1696,12,5162,7,17,288,178,70,3,7,71,615,42,653,1,17,79,1,11,108,0
2019,"Kansas","Big 12",12,19240,235,389,2775,25,14,383,1730,10,4505,6,20,221,167,66,7,20,66,601,45,873,0,9,46,0,6,69,1
2019,"Northwestern","Big Ten",12,21573,155,311,1414,6,15,530,2160,17,3574,8,23,211,193,69,11,28,65,582,23,374,0,21,174,0,7,47,0
2019,"Southern Miss","Conference USA",13,24465,291,438,3764,20,17,434,1527,17,5291,9,26,246,176,68,8,17,81,716,37,779,3,17,156,1,10,159,1
2019,"Florida International","Conference USA",13,22739,223,389,2754,14,6,487,2154,23,4908,8,14,259,184,70,13,24,79,751,35,496,0,13,205,2,12,150,1
2019,"Buffalo","Mid-American",13,26548,150,278,1795,14,6,659,3256,36,5051,8,14,276,194,87,16,25,64,580,12,181,0,14,94,0,11,152,2
2019,"Kent State","Mid-American",13,20484,238,355,2846,24,2,550,2427,17,5273,10,12,283,196,86,8,12,81,781,52,1083,1,14,119,0,7,22,0
2019,"Cincinnati","American Athletic",14,26673,208,377,2552,19,11,616,2937,30,5489,9,20,291,213,92,11,17,122,977,27,590,0,31,250,0,16,300,3
2019,"Arizona","Pac-12",12,19733,261,422,3193,23,12,451,2088,19,5281,6,18,269,186,82,13,20,76,677,37,716,0,14,89,0,11,129,0
2019,"Missouri","SEC",12,21529,226,376,2671,17,8,476,1820,14,4491,6,14,243,181,66,7,13,83,809,9,161,0,21,223,1,8,266,4
2019,"Colorado State","Mountain West",12,21712,279,445,3660,21,11,395,1586,18,5246,13,24,257,169,67,11,21,80,782,34,591,1,21,142,0,6,105,1
2019,"UNLV","Mountain West",12,21614,208,388,2474,20,12,443,2018,17,4492,6,18,232,169,48,17,33,65,536,27,454,0,20,49,0,9,95,0
2019,"Nevada","Mountain West",13,24614,309,499,3238,14,13,442,1498,16,4736,11,24,250,206,75,14,24,96,772,36,645,0,19,185,0,11,85,1
2019,"Ohio State","Big Ten",14,26854,271,406,3684,48,3,663,3735,39,7419,13,16,393,183,101,8,13,81,770,17,283,0,29,212,0,16,280,1
2019,"UConn","American Athletic",12,23354,228,382,2592,14,15,428,1544,13,4136,7,22,223,165,48,10,25,74,618,43,790,0,10,107,0,7,147,1
2019,"Vanderbilt","SEC",12,21067,202,381,2064,10,10,363,1496,11,3560,3,13,190,166,48,8,21,76,649,24,423,0,17,158,0,6,69,1
2019,"Notre Dame","FBS Independents",13,22220,253,416,3278,37,6,472,2311,20,5589,5,11,272,185,74,17,25,84,665,29,403,0,24,211,0,9,107,1
2019,"New Mexico State","FBS Independents",12,19576,278,446,2611,15,15,386,1722,16,4333,12,27,228,171,55,16,26,68,544,31,378,0,18,171,1,5,18,0
2019,"Auburn","SEC",13,22683,228,396,2684,20,6,548,2591,31,5275,11,17,277,189,76,7,15,92,718,23,451,1,24,308,0,9,181,2
2019,"California","Pac-12",13,22639,204,365,2561,19,9,475,1710,16,4271,4,13,244,175,66,6,16,62,544,29,442,0,14,171,0,8,65,0
2019,"Boston College","ACC",13,21691,161,305,2288,20,6,659,3291,27,5579,6,12,277,207,89,13,24,67,516,48,978,0,19,159,0,10,61,1
2019,"Boise State","Mountain West",14,25981,287,464,3664,31,11,519,2309,26,5973,8,19,316,196,93,10,17,75,680,38,826,1,25,301,2,9,84,1
2019,"UTEP","Conference USA",12,23126,177,330,2292,9,8,438,1662,18,3954,6,14,214,162,57,18,25,80,738,31,630,1,18,88,0,5,0,0
2019,"USC","Pac-12",13,22458,365,514,4365,35,15,391,1540,18,5905,11,26,299,168,77,6,10,90,877,40,844,1,21,112,0,9,81,0
2019,"Washington State","Pac-12",13,23144,505,710,5679,50,16,210,885,12,6564,9,25,335,141,60,13,22,84,779,41,858,0,6,97,0,10,126,0
2019,"Baylor","Big 12",14,23734,277,444,3571,24,8,504,2329,35,5900,11,19,309,180,75,6,15,89,740,24,472,0,15,134,1,16,250,0
2019,"Wisconsin","Big Ten",14,29957,246,351,2802,18,5,612,3262,38,6064,17,22,320,189,91,18,23,69,636,28,766,2,32,259,0,12,200,2
2019,"Syracuse","ACC",12,21110,250,408,2887,23,7,501,1848,16,4735,9,16,239,206,78,11,28,107,887,35,649,0,16,137,0,13,163,1
2019,"UTSA","Conference USA",12,21119,213,366,2189,13,11,452,1950,15,4139,12,23,216,181,65,17,31,89,829,35,652,0,24,52,0,6,91,2
2019,"Alabama","SEC",13,23390,287,406,4449,49,6,436,2191,27,6640,4,10,318,153,80,13,19,95,855,31,637,1,24,531,3,17,245,2
2019,"Florida","SEC",13,23536,317,467,3910,33,10,398,1687,21,5597,8,18,297,158,65,16,26,67,618,10,184,0,15,68,0,16,160,0
2019,"TCU","Big 12",12,23704,211,394,2444,15,10,510,2448,23,4892,9,19,257,201,94,5,11,78,736,33,535,0,18,319,2,16,228,1
2019,"Stanford","Pac-12",12,23174,274,442,3122,18,8,348,1286,8,4408,5,13,236,166,64,5,14,75,591,32,770,0,14,93,1,8,15,0
2019,"Temple","American Athletic",13,22807,282,472,3312,25,13,479,1784,16,5096,7,20,263,201,76,15,36,92,801,40,781,0,13,68,0,8,110,1
2019,"Miami","ACC",13,23558,255,437,3239,27,10,407,1535,16,4774,7,17,252,164,44,13,25,91,782,25,511,0,21,299,0,10,136,0
2019,"Troy","Sun Belt",12,20726,316,491,3758,30,11,402,1717,19,5475,7,18,295,177,83,13,23,64,597,45,929,1,11,16,0,11,130,2
2019,"Tulsa","American Athletic",12,22070,254,444,3376,20,9,503,1660,18,5036,10,19,263,207,88,13,23,109,949,29,495,0,14,58,0,5,37,0
2019,"Akron","Mid-American",12,19072,204,398,2344,12,14,327,562,2,2906,12,26,156,161,42,7,23,81,628,40,859,0,12,35,0,5,120,1
2019,"BYU","FBS Independents",13,23231,296,468,3700,20,11,465,2068,25,5768,10,21,293,186,79,7,19,79,668,23,427,0,21,283,0,15,240,1
2019,"Iowa State","Big 12",13,23715,315,484,4047,29,9,412,1729,22,5776,7,16,298,169,64,9,21,61,497,26,477,0,10,96,0,6,102,1
2019,"Tennessee","SEC",13,22904,200,360,2878,19,13,462,1874,13,4752,7,20,241,176,76,2,12,83,683,19,290,0,17,235,3,15,174,0
2019,"Virginia Tech","ACC",13,24034,184,317,2715,24,8,565,2289,22,5004,14,22,257,179,69,9,13,69,680,28,540,0,25,242,0,14,88,1
2019,"San Diego State","Mountain West",13,26459,253,397,2634,15,6,536,1827,12,4461,2,8,259,207,79,13,23,78,655,23,503,1,28,181,1,18,58,0
2019,"Air Force","Mountain West",13,26885,68,126,1602,14,6,755,3881,41,5483,12,18,286,157,84,16,21,42,368,13,93,0,5,6,0,7,240,3
2019,"Tulane","American Athletic",13,23801,197,336,2679,19,10,612,3162,33,5841,8,18,299,181,70,20,34,103,883,43,980,1,17,168,0,12,129,2
2019,"UL Monroe","Sun Belt",12,21183,245,411,3041,21,12,457,2490,29,5531,6,18,272,175,70,16,28,95,773,40,621,0,10,52,0,10,167,1
2019,"Ole Miss","SEC",12,20326,186,331,2328,11,5,559,3012,29,5340,9,14,271,182,67,17,31,59,585,25,404,1,15,87,0,10,44,0
2019,"Texas Tech","Big 12",12,20323,342,531,3896,24,8,404,1795,20,5691,8,16,298,178,68,12,25,75,695,37,779,0,15,88,0,14,162,0
2019,"Washington","Pac-12",13,23490,263,411,3164,24,8,461,1922,24,5086,6,14,264,171,61,23,32,79,639,21,388,0,25,268,1,13,139,0
2019,"Michigan","Big Ten",13,23032,228,410,3261,25,9,495,1959,26,5220,11,20,286,175,68,12,22,80,649,27,665,1,37,271,0,9,31,0
2019,"South Florida","American Athletic",12,20047,177,328,2035,18,10,445,1935,15,3970,9,19,200,177,70,7,17,101,854,33,609,0,15,125,0,12,279,0
2019,"Purdue","Big Ten",12,19870,320,520,3719,29,15,342,999,9,4718,8,23,247,181,73,8,16,55,452,36,521,0,12,67,0,9,135,1
2019,"Texas State","Sun Belt",12,19248,278,441,2893,17,20,327,921,8,3814,4,24,203,170,58,4,13,66,617,41,899,0,15,124,0,7,38,0
2019,"Kentucky","SEC",13,25080,128,257,1478,9,8,573,3624,36,5102,12,20,252,162,63,14,27,75,661,22,437,0,19,143,0,8,95,0
2019,"Illinois","Big Ten",13,19974,197,364,2397,19,9,484,1845,19,4242,9,18,223,177,62,5,14,87,797,35,710,0,22,119,0,12,249,4
2019,"Michigan State","Big Ten",13,24483,270,464,3182,17,15,468,1653,12,4835,9,24,274,192,70,13,21,75,700,28,446,0,27,167,0,12,124,1
2019,"Navy","American Athletic",13,26104,55,104,1238,10,4,773,4687,52,5925,12,16,282,170,80,26,34,54,459,20,220,0,19,112,0,12,57,1
2019,"Texas A&M","SEC",13,25827,273,452,3060,22,10,429,2069,24,5129,10,20,287,160,64,7,11,87,719,26,431,0,26,330,0,10,87,0
2019,"Louisiana Tech","Conference USA",13,23978,285,458,3490,21,10,475,2189,27,5679,9,19,304,175,72,6,16,72,611,36,727,1,13,70,0,17,237,5
2019,"Georgia","SEC",14,27109,255,415,3122,26,6,525,2591,21,5713,7,13,295,188,77,6,10,76,685,16,268,0,25,282,1,8,102,0
2019,"Louisiana","Sun Belt",14,25549,268,412,3314,27,4,574,3604,42,6918,10,14,351,167,80,9,17,98,817,40,932,0,29,191,0,10,102,0
2019,"Louisville","ACC",13,24347,178,302,3048,32,9,567,2768,23,5816,10,19,263,174,76,13,22,93,780,35,904,1,16,187,0,7,38,0
2019,"Old Dominion","Conference USA",12,22126,207,379,2117,5,12,431,1168,16,3285,7,19,203,183,57,20,33,71,729,31,700,0,14,100,0,9,132,0
2019,"Liberty","FBS Independents",13,21746,257,452,3756,29,8,435,1956,25,5712,8,16,289,168,68,5,16,88,801,44,970,1,19,10,0,12,147,1
2019,"Oregon","Pac-12",14,23722,298,446,3615,35,6,510,2448,26,6063,5,11,319,177,74,13,25,84,860,29,762,2,18,258,0,20,293,2
2019,"Hawai'i","Mountain West",15,28108,396,635,5059,42,17,420,2011,21,7070,13,30,368,186,88,20,33,103,918,52,1092,0,22,102,1,14,323,4
2019,"Houston","American Athletic",12,22289,176,314,2440,19,12,466,2258,20,4698,9,21,231,155,54,12,17,58,579,28,564,2,17,182,2,8,83,1
2019,"App State","Sun Belt",14,25733,230,369,2815,30,6,599,3240,35,6055,3,9,294,198,88,14,16,95,900,25,562,1,24,220,1,14,149,4
2019,"Colorado","Pac-12",12,22027,257,411,2858,18,11,436,1804,14,4662,3,14,257,179,74,12,20,85,726,25,480,0,10,57,0,11,40,0
2019,"Arizona State","Pac-12",13,22795,233,383,3235,21,4,459,1602,13,4837,10,14,233,187,72,9,16,85,818,23,606,0,19,247,1,13,113,1
2019,"Western Kentucky","Conference USA",13,24956,313,469,3371,20,12,431,1670,18,5041,9,21,267,184,75,15,25,53,514,36,671,0,16,65,0,11,49,1
2019,"Georgia State","Sun Belt",13,23100,238,385,2577,22,9,596,3141,30,5718,7,16,305,195,89,13,27,56,557,21,114,0,10,32,0,9,148,1
2019,"Clemson","ACC",15,27242,326,509,4325,40,10,566,3606,45,7931,5,15,392,181,80,6,12,85,675,23,504,0,34,185,0,19,254,2
2019,"Fresno State","Mountain West",12,20927,240,372,2719,17,11,394,1911,27,4630,7,18,232,148,55,6,13,75,634,34,625,0,9,120,0,11,165,1
2019,"LSU","SEC",15,27200,426,567,6024,61,7,513,2502,32,8526,5,12,419,183,90,7,10,93,936,23,291,0,22,252,2,17,87,0
2019,"Minnesota","Big Ten",13,26620,212,323,3293,31,8,560,2323,25,5616,7,15,295,161,78,13,20,55,502,19,344,0,11,37,0,14,240,3
2019,"Wake Forest","ACC",13,23609,282,469,3748,31,13,586,2282,18,6030,4,17,307,230,108,7,17,57,460,26,424,0,28,211,0,14,10,0
2019,"Florida Atlantic","Conference USA",14,23934,314,502,3922,30,8,551,2325,32,6247,4,12,329,202,80,13,22,95,852,27,406,0,21,114,1,22,221,0
2019,"Oklahoma","Big 12",14,25995,262,381,4164,36,9,565,3361,38,7525,10,19,348,155,77,8,12,101,1038,35,608,0,28,187,1,7,31,1
2019,"Maryland","Big Ten",12,18541,172,342,2088,16,12,425,2034,23,4122,9,21,201,169,54,8,26,70,585,45,1023,2,9,123,1,10,94,0
2019,"Georgia Southern","Sun Belt",13,25414,80,155,968,9,1,667,3323,29,4291,10,11,224,166,51,6,14,66,569,20,398,1,8,117,1,9,98,2
2019,"Arkansas","SEC",12,20031,202,407,2315,14,15,376,1766,14,4081,6,21,219,166,55,8,20,61,492,42,649,0,14,160,0,6,60,0
2019,"Central Michigan","Mid-American",14,25435,290,473,3531,19,13,523,2545,36,6076,17,30,311,200,81,17,30,118,925,38,749,0,27,212,0,13,135,0
2019,"Toledo","Mid-American",12,21437,193,339,2515,15,7,516,2689,27,5204,12,19,261,171,65,18,31,67,603,46,957,0,20,154,0,7,54,0
2019,"Ball State","Mid-American",12,21796,239,373,2923,24,7,536,2633,27,5556,9,16,292,173,71,12,23,71,635,43,948,1,14,112,0,15,71,0
2019,"Army","FBS Independents",13,25472,59,126,1066,6,7,743,3863,45,4929,11,18,272,168,76,26,39,60,496,26,285,0,14,37,0,7,155,0
2019,"Mississippi State","SEC",13,24701,186,315,2333,19,10,529,2868,27,5201,13,23,279,149,58,7,18,72,578,26,430,0,11,48,0,10,163,2
2019,"North Texas","Conference USA",12,20261,283,454,3400,33,12,396,1626,11,5026,7,19,252,173,64,18,32,64,672,51,1141,1,20,160,1,4,39,0
2019,"Middle Tennessee","Conference USA",12,19270,225,365,2815,22,9,406,2085,18,4900,5,14,247,148,52,9,17,57,511,39,163,0,4,11,0,8,68,1
2019,"UCF","American Athletic",13,20660,271,457,4117,36,8,559,2909,34,7026,7,15,332,201,81,19,33,111,959,22,327,0,27,285,1,13,239,2
2019,"South Carolina","SEC",12,19453,268,466,2667,12,7,396,1796,18,4463,7,14,232,186,59,13,27,79,656,22,425,0,12,146,0,12,102,1
2019,"Texas","Big 12",13,24006,306,470,3761,32,10,480,2295,26,6056,4,14,324,185,90,7,19,95,890,26,450,1,17,155,0,12,100,0
2019,"Northern Illinois","Mid-American",12,23584,215,370,2621,14,11,454,1683,15,4304,8,19,220,179,58,12,23,62,539,21,141,0,16,83,1,4,103,2
2019,"Arkansas State","Sun Belt",13,21572,298,469,4065,37,11,456,1654,13,5719,11,22,287,193,78,13,23,99,878,50,954,1,24,228,0,12,205,2
2019,"Indiana","Big Ten",13,26311,321,473,3931,24,9,467,1695,24,5626,6,15,304,178,83,8,18,88,830,37,688,0,17,68,0,7,159,2
2019,"UAB","Conference USA",14,26475,192,338,2812,20,20,558,2111,16,4923,8,28,252,182,57,8,20,101,989,28,534,1,13,44,0,7,87,1
2019,"Penn State","Big Ten",13,21761,217,369,2877,25,9,516,2479,34,5356,5,14,275,172,73,11,18,57,589,31,549,0,33,178,0,10,147,2
2019,"Utah State","Mountain West",13,19415,315,504,3628,22,18,461,1979,18,5607,8,26,289,197,84,3,9,74,615,35,749,2,12,138,1,11,161,1
2019,"Massachusetts","FBS Independents",12,18772,218,392,2022,15,16,429,1495,14,3517,4,20,190,192,66,11,29,82,717,75,1550,0,13,113,1,10,118,1
2019,"SMU","American Athletic",13,22509,313,503,4018,35,11,534,2317,35,6335,5,16,322,212,94,22,30,83,743,46,1113,2,23,186,0,9,91,1
2020,"Louisiana","Sun Belt",11,18981,179,308,2290,20,7,429,2345,25,4635,6,13,231,138,59,11,26,68,674,35,810,2,23,171,1,16,175,1
2020,"Syracuse","ACC",11,16182,173,336,1906,15,12,318,1007,5,2913,9,21,145,153,40,6,17,77,725,31,725,1,14,185,0,13,265,2
2020,"UTSA","Conference USA",12,21272,222,370,2399,16,8,496,2585,24,4984,4,12,262,179,78,10,19,84,803,29,508,0,21,66,0,11,147,1
2020,"Purdue","Big Ten",6,9961,176,261,1854,15,4,150,488,4,2342,3,7,136,80,30,6,11,42,360,20,401,0,3,16,0,3,21,0
2020,"Iowa State","Big 12",12,23784,249,372,2896,20,9,454,2343,31,5239,5,14,273,161,73,11,16,62,512,21,561,0,11,59,0,9,14,0
2020,"Middle Tennessee","Conference USA",9,15837,205,311,2074,13,10,323,1202,11,3276,6,16,180,128,54,6,12,51,470,24,395,0,7,18,0,8,138,0
2020,"South Florida","American Athletic",9,15367,187,312,1949,12,6,337,1339,11,3288,11,17,189,124,38,7,24,48,440,34,710,0,9,71,1,10,220,2
2020,"Georgia","SEC",10,18022,178,306,2496,19,11,377,1742,18,4238,4,15,209,135,62,6,13,54,513,20,594,0,17,136,0,9,185,2
2020,"Texas State","Sun Belt",12,18532,247,404,2864,26,14,372,1577,15,4441,4,18,247,151,50,10,26,62,592,48,992,1,17,209,1,7,156,1
2020,"South Alabama","Sun Belt",11,20073,218,350,2718,18,6,419,1238,7,3956,9,15,218,167,67,16,34,42,384,22,369,0,8,40,0,7,134,1
2020,"Arkansas State","Sun Belt",11,18901,276,464,4008,39,9,384,1377,7,5385,7,16,269,173,69,15,30,70,631,36,711,0,6,11,0,6,115,1
2020,"UNLV","Mountain West",6,10538,115,196,1115,6,4,223,841,7,1956,5,9,112,92,34,10,15,39,324,21,409,0,5,39,0,2,23,0
2020,"Ohio State","Big Ten",8,15442,158,225,2100,22,6,344,2050,19,4150,3,9,200,106,52,5,9,49,437,7,93,0,10,62,0,7,105,2
2020,"UL Monroe","Sun Belt",10,16347,223,383,2290,14,12,249,761,8,3051,6,18,166,133,34,17,32,48,437,42,758,0,6,30,0,4,111,0
2020,"Northwestern","Big Ten",9,16906,173,283,1790,12,8,391,1476,16,3266,6,14,183,148,59,18,26,45,364,10,235,0,10,66,0,14,17,0
2020,"Michigan","Big Ten",6,9185,123,213,1502,9,4,172,787,12,2289,2,6,116,75,27,4,9,35,345,22,514,1,7,47,0,1,18,0
2020,"San José State","Mountain West",8,14141,183,288,2387,19,9,236,1060,8,3447,0,9,164,101,38,5,13,54,455,19,591,2,14,127,0,3,0,0
2020,"Louisiana Tech","Conference USA",10,18162,221,359,2166,21,14,342,992,10,3158,2,16,198,154,60,16,18,50,456,43,854,0,9,177,0,9,207,1
2020,"Florida Atlantic","Conference USA",9,15579,122,232,1300,8,6,360,1608,12,2908,5,11,160,132,49,12,24,42,350,16,332,0,10,89,0,6,30,0
2020,"Navy","American Athletic",10,18192,57,124,974,6,4,483,1776,15,2750,7,11,143,140,47,20,30,44,402,12,277,0,10,26,0,3,25,0
2020,"Ohio","Mid-American",3,5260,36,54,446,4,0,117,650,8,1096,2,2,52,32,12,0,1,21,148,11,367,2,5,25,0,5,55,0
2020,"Akron","Mid-American",6,10800,83,148,838,4,6,211,842,7,1680,3,9,95,77,26,4,9,23,185,25,496,0,3,-8,1,2,44,0
2020,"Kansas","Big 12",9,16617,155,283,1389,7,10,354,944,9,2333,4,14,143,142,33,10,24,51,418,47,1043,2,4,-5,0,4,23,0
2020,"Kansas State","Big 12",10,17249,137,247,1857,12,10,353,1522,17,3379,5,15,155,127,42,6,10,65,564,34,593,0,14,299,2,7,65,2
2020,"Colorado","Pac-12",6,11362,98,178,1209,6,7,276,1274,15,2483,4,11,120,96,41,3,7,34,338,14,274,0,11,158,1,4,23,0
2020,"Kent State","Mid-American",4,6994,90,126,1294,14,2,199,1132,13,2426,2,4,129,57,32,7,8,37,325,11,207,0,3,10,0,3,2,0
2020,"San Diego State","Mountain West",8,16630,116,203,1200,6,5,360,1590,14,2790,6,11,152,120,43,8,18,38,339,16,430,1,23,245,1,7,156,2
2020,"Miami (OH)","Mid-American",3,5171,47,85,715,8,1,100,381,2,1096,1,2,56,42,17,2,3,18,182,3,50,0,5,50,0,2,80,1
2020,"TCU","Big 12",10,18050,163,272,1933,10,5,410,2151,23,4084,9,14,192,143,52,8,14,76,628,20,395,0,25,326,2,8,84,1
2020,"Illinois","Big Ten",8,12983,91,194,1223,10,4,325,1559,9,2782,5,9,144,114,43,7,15,39,401,24,400,0,4,32,0,7,61,0
2020,"Clemson","ACC",12,21885,326,490,4182,31,6,410,1848,33,6030,9,15,295,179,83,10,15,64,568,19,434,0,13,123,0,14,121,0
2020,"Missouri","SEC",10,18411,246,363,2668,9,6,350,1362,21,4030,8,14,222,141,61,10,18,58,500,10,163,0,10,56,0,2,67,1
2020,"Penn State","Big Ten",9,18169,184,306,2298,17,9,402,1569,15,3867,8,17,223,133,56,11,22,39,335,18,290,0,8,197,1,4,18,0
2020,"Temple","American Athletic",7,13512,146,240,1456,11,11,283,978,5,2434,3,14,146,115,44,8,14,36,311,13,228,0,5,46,0,3,45,0
2020,"Iowa","Big Ten",8,14044,141,248,1581,9,5,296,1369,18,2950,4,9,159,107,36,6,9,38,317,12,216,0,23,223,1,11,233,2
2020,"Louisville","ACC",11,20775,202,315,2686,20,12,420,2199,21,4885,12,24,229,143,64,13,24,69,577,33,661,0,7,22,0,5,54,0
2020,"UTEP","Conference USA",8,15691,126,239,1674,7,9,299,1121,16,2795,6,15,149,109,48,6,13,57,519,26,668,1,7,23,0,2,8,0
2020,"Kentucky","SEC",11,20460,143,241,1340,7,5,438,2160,19,3500,7,12,190,142,52,8,17,63,616,16,298,0,6,62,0,16,252,3
2020,"NC State","ACC",12,21565,251,400,3143,24,15,434,1480,20,4623,4,19,267,161,71,8,12,97,891,23,526,1,12,130,1,9,67,1
2020,"Florida State","ACC",9,16466,160,293,1770,10,13,351,1789,19,3559,4,17,185,132,47,15,28,80,713,29,604,0,8,65,0,8,124,1
2020,"Pittsburgh","ACC",11,20552,246,426,2857,14,12,388,1343,20,4200,4,16,226,173,63,9,18,86,753,17,370,0,19,179,1,14,150,1
2020,"Marshall","Conference USA",10,17884,171,281,2129,19,10,387,1784,18,3913,2,12,221,128,58,8,21,60,627,22,417,0,21,175,0,5,4,0
2020,"Eastern Michigan","Mid-American",6,10523,126,199,1657,12,6,219,744,11,2401,6,12,131,81,34,11,14,29,263,21,304,0,6,35,0,3,110,0
2020,"UCLA","Pac-12",7,12109,130,200,1571,18,6,319,1614,13,3185,7,13,172,96,43,7,17,48,374,10,201,0,5,49,0,8,55,0
2020,"Duke","ACC",11,18806,219,390,2441,11,19,438,1724,19,4165,20,39,237,168,65,11,23,62,554,35,704,0,18,212,1,9,36,0
2020,"Oklahoma","Big 12",11,21294,249,362,3465,30,8,419,1977,27,5442,6,14,274,135,55,8,10,79,721,16,391,0,16,198,0,16,215,1
2020,"SMU","American Athletic",10,17625,246,376,3180,23,6,376,1778,24,4958,6,12,250,148,69,7,17,69,617,29,551,0,21,267,0,7,48,1
2020,"Florida","SEC",12,22351,321,473,4543,46,10,367,1576,12,6119,9,19,316,141,70,7,12,66,557,17,272,0,11,139,1,9,84,0
2020,"North Texas","Conference USA",10,15007,185,336,2830,28,9,443,2302,18,5132,6,15,248,150,70,11,24,68,536,35,587,0,15,57,0,7,21,0
2020,"Houston","American Athletic",8,14987,175,297,2126,15,10,292,1140,12,3266,6,16,181,121,49,14,19,60,531,17,425,1,20,369,1,3,22,0
2020,"UAB","Conference USA",9,15243,136,244,1812,14,9,366,1800,17,3612,7,16,145,115,47,4,7,74,676,13,269,0,7,75,1,8,75,0
2020,"Utah","Pac-12",5,9978,95,156,1079,6,7,190,971,9,2050,6,13,102,69,26,5,11,26,238,4,113,0,9,147,1,7,201,1
2020,"Massachusetts","FBS Independents",4,6422,54,100,486,1,5,117,269,0,755,2,7,42,54,14,4,9,21,216,12,178,0,4,55,0,NA,NA,NA
2020,"Wyoming","Mountain West",6,11047,62,134,920,1,5,275,1317,16,2237,4,9,111,89,27,6,12,31,279,15,290,0,12,66,0,4,60,0
2020,"Michigan State","Big Ten",7,11440,132,243,1672,11,12,238,645,2,2317,8,20,113,113,37,5,12,48,456,19,370,0,4,32,0,5,107,0
2020,"Miami","ACC",11,17950,239,381,3050,26,6,419,1800,18,4850,6,12,250,162,65,13,19,86,794,22,452,0,15,52,0,7,11,0
2020,"Memphis","American Athletic",11,19116,253,421,3383,31,10,395,1597,9,4980,8,18,259,172,77,14,24,61,520,27,484,0,21,188,1,12,58,0
2020,"Virginia Tech","ACC",11,19894,157,253,2212,13,6,472,2648,27,4860,8,14,246,133,51,7,12,58,514,23,546,0,17,66,0,12,140,0
2020,"Wake Forest","ACC",9,14795,175,310,2533,14,5,378,1491,22,4024,2,7,212,139,56,10,21,48,401,15,352,1,10,96,0,13,132,3
2020,"Western Michigan","Mid-American",6,10138,98,155,1704,18,2,236,1175,13,2879,4,6,142,67,29,5,8,46,391,28,536,1,9,31,0,2,42,1
2020,"New Mexico","Mountain West",7,12765,122,215,1386,8,6,289,1370,12,2756,3,9,152,107,46,2,8,42,404,28,560,0,5,32,0,6,76,0
2020,"Nebraska","Big Ten",8,13642,155,228,1504,5,9,334,1611,15,3115,9,18,170,103,37,8,13,54,485,15,274,0,9,120,0,5,102,0
2020,"Southern Miss","Conference USA",10,17169,169,272,2113,12,9,367,1595,18,3708,7,16,187,135,57,6,17,44,367,31,678,1,9,63,0,6,41,0
2020,"Indiana","Big Ten",8,14818,167,291,2011,16,5,274,875,12,2886,6,11,161,114,44,8,14,34,357,6,105,0,10,72,0,17,268,0
2020,"West Virginia","Big 12",10,19093,253,401,2775,16,4,358,1350,15,4125,8,12,219,162,67,12,22,82,741,23,460,0,21,105,0,11,112,1
2020,"Minnesota","Big Ten",7,14263,107,184,1394,7,5,298,1350,19,2744,2,7,151,86,41,7,13,32,288,14,248,0,6,21,0,4,30,0
2020,"Auburn","SEC",11,18967,216,362,2422,12,7,392,1788,16,4210,2,9,228,158,71,3,11,64,556,23,497,0,8,78,0,9,278,1
2020,"UCF","American Athletic",10,16500,244,408,3521,32,4,444,2107,23,5628,6,10,281,158,78,12,22,92,750,20,317,0,9,53,0,9,56,0
2020,"Northern Illinois","Mid-American",6,12112,127,221,1443,11,2,221,738,7,2181,8,10,129,92,26,12,19,41,414,32,721,0,3,16,0,5,8,0
2020,"Air Force","Mountain West",6,11700,34,61,502,3,3,312,1834,16,2336,5,8,128,68,33,8,11,27,245,1,32,0,1,5,0,5,88,0
2020,"Alabama","SEC",13,24032,324,425,4656,42,4,475,2378,37,7034,8,12,365,145,87,6,9,78,625,18,276,0,20,299,1,12,212,3
2020,"North Carolina","ACC",12,22169,244,357,3617,31,8,492,2830,35,6447,5,13,316,141,64,11,19,83,808,11,214,0,18,167,0,8,91,0
2020,"Central Michigan","Mid-American",6,10364,106,173,1214,6,4,259,1311,15,2525,5,9,118,85,24,11,19,35,351,17,304,0,9,30,0,7,48,0
2020,"Oklahoma State","Big 12",11,19744,207,340,2630,18,10,505,2065,17,4695,6,16,261,174,73,5,10,73,602,27,467,1,19,109,0,6,95,1
2020,"Georgia Tech","ACC",10,16221,152,283,1991,14,13,407,1904,18,3895,12,25,199,146,60,9,25,89,749,21,403,0,16,65,0,6,77,0
2020,"Fresno State","Mountain West",6,11361,157,247,2131,14,5,216,738,12,2869,5,10,146,88,38,8,13,33,287,21,409,0,7,55,0,4,54,0
2020,"Buffalo","Mid-American",7,12835,97,156,1334,7,4,301,2015,32,3349,2,6,154,81,39,7,13,42,369,17,312,0,8,73,0,6,108,1
2020,"Boston College","ACC",11,20116,242,390,3126,23,8,361,1119,11,4245,6,14,239,147,65,9,14,85,740,23,406,0,12,55,0,9,148,0
2020,"Texas A&M","SEC",10,20275,189,301,2267,20,4,374,2050,21,4317,4,8,232,133,73,3,8,61,564,2,27,0,16,96,0,10,116,1
2020,"Troy","Sun Belt",11,17702,299,456,3192,22,13,328,1129,11,4321,5,18,240,164,75,10,17,55,552,39,755,0,10,96,0,8,103,2
2020,"Georgia State","Sun Belt",10,17180,179,307,2303,18,10,441,1937,22,4240,10,20,207,166,75,9,14,55,583,11,169,0,6,28,0,12,112,1
2020,"Bowling Green","Mid-American",5,7922,54,125,712,1,7,189,920,5,1632,4,11,78,65,17,3,14,30,216,20,506,0,6,32,0,NA,NA,NA
2020,"BYU","FBS Independents",12,21539,272,375,3984,33,4,424,2284,35,6268,5,9,308,132,65,13,22,50,430,16,330,0,20,80,0,8,54,1
2020,"Texas Tech","Big 12",10,16241,257,395,2649,18,11,337,1637,17,4286,7,18,215,148,55,12,22,66,574,23,395,0,18,96,1,5,45,0
2020,"Colorado State","Mountain West",4,5895,59,118,779,4,3,155,496,6,1275,1,4,68,60,12,3,8,24,199,20,427,0,8,59,0,1,30,1
2020,"Ball State","Mid-American",8,14345,164,251,2154,17,6,366,1424,15,3578,3,9,195,120,56,7,13,46,391,23,439,0,4,-2,0,10,144,2
2020,"South Carolina","SEC",10,17508,175,295,1872,8,9,365,1671,19,3543,6,15,195,136,50,17,23,49,432,13,256,0,8,29,0,8,90,0
2020,"Vanderbilt","SEC",9,16028,192,300,1979,13,11,330,980,4,2959,6,17,180,139,55,12,20,42,343,20,336,0,5,46,0,2,32,0
2020,"Oregon","Pac-12",7,10938,120,190,1704,15,6,237,1168,13,2872,9,15,151,74,32,3,5,41,371,22,423,0,6,42,0,5,91,1
2020,"Tulsa","American Athletic",9,15318,173,306,2274,15,11,355,1418,13,3692,7,18,199,138,57,9,17,81,736,16,267,0,15,54,0,6,160,2
2020,"Ole Miss","SEC",10,16700,238,335,3450,30,14,461,2116,23,5566,4,18,276,141,70,22,33,60,516,17,328,0,7,51,0,6,50,0
2020,"Tennessee","SEC",10,16763,179,285,2047,14,9,375,1415,12,3462,6,15,201,128,38,16,24,61,502,19,394,0,5,35,0,5,131,2
2020,"California","Pac-12",4,7364,85,139,771,6,3,148,507,4,1278,2,5,73,68,25,4,8,17,135,3,55,0,8,42,0,3,54,0
2020,"Toledo","Mid-American",6,12081,143,219,1955,18,7,243,1008,7,2963,5,12,163,85,41,6,13,57,449,23,349,0,17,68,0,4,69,1
2020,"Oregon State","Pac-12",7,11741,134,233,1479,11,5,258,1383,15,2862,3,8,155,99,40,12,19,43,387,27,612,0,9,153,1,5,1,0
2020,"Charlotte","Conference USA",6,12345,98,179,1337,10,2,237,930,11,2267,4,6,119,96,39,7,12,42,370,20,418,1,6,30,0,5,78,0
2020,"LSU","SEC",10,18560,247,421,3121,24,9,362,1219,8,4340,4,13,235,155,52,12,17,61,462,13,320,1,12,113,0,14,258,4
2020,"Army","FBS Independents",12,24575,35,76,537,4,6,716,3273,36,3810,8,14,232,168,76,23,34,56,495,14,272,0,17,157,0,12,172,2
2020,"Baylor","Big 12",9,15738,205,331,1979,14,8,297,821,8,2800,1,9,165,142,47,12,20,64,562,32,826,2,11,43,0,12,204,2
2020,"Arizona","Pac-12",5,8396,113,188,1065,6,7,184,846,4,1911,5,12,107,78,26,3,12,34,294,14,235,0,5,35,0,2,15,0
2020,"Arizona State","Pac-12",4,7034,51,87,777,5,1,165,1058,16,1835,3,4,81,45,21,2,6,28,218,9,301,1,5,35,0,5,12,0
2020,"Coastal Carolina","Sun Belt",12,23907,191,286,2778,29,5,518,2622,30,5400,7,12,281,149,79,13,17,44,428,19,299,0,10,76,0,16,227,1
2020,"Notre Dame","FBS Independents",12,24357,231,362,2849,15,3,506,2537,33,5386,8,11,290,167,81,11,17,53,456,23,492,0,14,128,2,7,68,0
2020,"Arkansas","SEC",10,15171,182,283,2386,20,6,394,1513,11,3899,7,13,206,138,46,7,11,64,457,9,157,0,4,18,0,13,172,3
2020,"Rice","Conference USA",5,10599,82,133,1076,11,2,214,601,1,1677,6,8,107,75,28,6,11,17,119,13,261,0,8,67,0,6,77,1
2020,"App State","Sun Belt",12,22821,190,300,2244,21,11,545,3180,28,5424,6,17,281,162,83,11,20,88,816,33,739,1,18,173,0,15,231,2
2020,"Boise State","Mountain West",7,12391,139,221,1693,12,3,230,741,13,2434,4,7,129,96,42,4,7,34,336,21,541,2,16,296,2,2,21,0
2020,"Nevada","Mountain West",9,17038,249,357,2857,26,4,254,1091,7,3948,5,9,191,118,49,12,18,71,625,27,590,0,14,113,0,6,87,0
2020,"Florida International","Conference USA",5,7802,57,127,550,4,2,176,782,8,1332,2,4,68,77,27,5,12,30,225,23,636,2,7,86,0,2,55,0
2020,"Western Kentucky","Conference USA",12,20839,208,369,1984,12,4,389,1500,11,3484,11,15,197,156,50,18,32,54,481,31,492,0,11,28,0,6,69,1
2020,"Stanford","Pac-12",6,11365,143,220,1726,7,3,194,790,15,2516,1,4,130,84,40,6,7,35,341,21,513,0,4,20,0,2,0,0
2020,"Maryland","Big Ten",5,7296,96,157,1291,9,9,148,715,5,2006,2,11,90,66,25,1,1,44,395,16,251,0,2,5,0,2,0,0
2020,"USC","Pac-12",6,10887,178,263,1916,17,7,184,584,8,2500,4,11,134,89,39,10,15,40,431,13,305,0,10,43,0,9,141,0
2020,"Virginia","ACC",10,18644,221,379,2605,22,14,366,1629,16,4234,5,19,236,143,53,16,25,53,483,23,533,0,14,71,0,11,175,2
2020,"Cincinnati","American Athletic",10,19205,197,295,2386,20,6,381,2126,29,4512,10,16,219,132,60,10,15,87,762,17,476,1,15,123,0,16,130,1
2020,"Tulane","American Athletic",12,20526,165,313,2119,21,10,515,2606,32,4725,4,14,258,150,52,12,22,74,607,25,602,0,20,253,0,9,142,1
2020,"Mississippi State","SEC",11,20401,373,557,3259,17,18,203,485,8,3744,7,25,207,157,51,12,21,72,662,14,393,0,10,69,0,10,252,2
2020,"Georgia Southern","Sun Belt",13,24893,96,174,1355,9,11,639,3472,29,4827,6,17,223,163,66,8,17,53,440,21,369,0,19,200,3,18,142,1
2020,"East Carolina","American Athletic",9,16773,176,293,2071,19,9,361,1562,11,3633,11,20,198,130,43,10,18,57,524,31,591,1,13,190,1,10,80,1
2020,"Rutgers","Big Ten",9,15093,195,309,1787,14,8,343,1261,13,3048,5,13,171,144,49,11,22,66,537,33,851,2,10,99,1,8,54,0
2020,"Wisconsin","Big Ten",7,15263,124,202,1267,10,7,293,1152,13,2419,5,12,137,100,38,5,12,36,296,11,251,0,11,30,0,8,217,0
2020,"Utah State","Mountain West",6,9065,89,169,815,6,4,192,840,4,1655,5,9,82,91,35,5,10,32,284,23,564,1,5,22,0,2,11,0
2020,"Hawai'i","Mountain West",9,15495,195,315,2083,14,6,324,1375,15,3458,6,12,183,137,54,10,13,49,386,25,583,1,12,64,0,12,16,0
2020,"Liberty","FBS Independents",11,21321,192,306,2526,25,7,482,2779,27,5305,9,16,273,147,71,16,21,65,609,20,424,0,15,166,1,11,127,0
2020,"Washington","Pac-12",4,7593,68,111,906,4,3,156,705,11,1611,0,3,87,54,26,5,6,21,162,7,124,0,3,56,0,3,24,0
2020,"Washington State","Pac-12",4,7553,94,152,1019,6,4,110,517,8,1536,4,8,78,51,20,3,7,21,187,10,200,0,1,10,0,2,36,0
2020,"Texas","Big 12",10,16565,208,345,2801,32,5,368,1954,20,4755,4,9,224,134,49,6,12,82,790,23,666,1,18,78,1,10,184,0
2020,"New Mexico State","FBS Independents",2,NA,NA,NA,NA,NA,NA,NA,NA,NA,NA,NA,NA,NA,NA,NA,NA,NA,NA,NA,NA,NA,NA,NA,NA,NA,NA,NA,NA
2021,"App State","Sun Belt",14,25964,255,413,3487,29,12,567,2691,26,6178,14,26,317,188,68,25,38,85,744,43,1141,2,25,168,0,15,347,4
2021,"Michigan","Big Ten",14,26344,248,395,3202,21,9,575,3001,39,6203,5,14,305,190,87,14,27,68,581,27,570,1,36,364,0,8,101,1
2021,"NC State","ACC",12,22511,288,443,3461,35,6,372,1514,11,4975,5,11,256,170,68,5,12,89,774,21,644,2,21,188,1,15,73,1
2021,"South Alabama","Sun Belt",12,23265,273,407,3072,22,11,439,1337,15,4409,9,20,228,176,54,28,46,58,526,25,311,0,12,55,0,15,173,1
2021,"Northwestern","Big Ten",12,20282,208,365,2128,13,14,452,1740,12,3868,8,22,208,178,64,16,32,56,503,23,287,0,18,265,0,6,29,0
2021,"Purdue","Big Ten",13,24922,407,576,4620,35,12,392,1095,7,5715,7,19,311,188,82,8,15,58,557,22,223,0,21,123,0,13,107,1
2021,"San José State","Mountain West",12,19252,207,402,2636,15,10,352,1446,12,4082,14,24,202,163,57,4,12,87,782,36,577,0,18,138,0,6,99,1
2021,"Penn State","Big Ten",13,21788,291,486,3491,25,10,437,1402,11,4893,5,15,264,195,76,12,26,70,599,19,352,0,17,128,0,14,186,3
2021,"Florida International","Conference USA",12,19364,202,379,3182,20,12,371,1225,11,4407,10,22,194,162,53,6,14,71,626,32,574,0,16,98,1,3,0,0
2021,"Clemson","ACC",13,22933,228,414,2485,12,11,488,2184,26,4669,8,19,258,186,69,9,16,79,657,21,522,0,20,92,0,12,69,1
2021,"Tulane","American Athletic",12,20094,213,376,2661,23,13,447,1979,19,4640,12,25,234,169,61,19,38,72,614,34,693,0,18,144,0,10,156,1
2021,"Arizona State","Pac-12",13,22955,206,313,2530,12,10,495,2514,34,5044,12,22,260,150,67,9,14,113,1015,37,681,0,21,255,0,16,229,2
2021,"UTEP","Conference USA",13,24875,200,366,3278,19,14,481,1820,18,5098,10,24,234,180,57,19,24,110,972,37,626,0,26,136,0,8,55,0
2021,"Florida State","ACC",12,20403,209,340,2419,20,12,446,2134,21,4553,9,21,247,153,52,7,21,83,750,27,509,0,17,71,0,14,150,1
2021,"Hawai'i","Mountain West",13,21469,260,462,3408,19,16,431,1857,22,5265,13,29,263,179,64,5,20,68,586,33,565,0,11,69,0,14,297,3
2021,"Pittsburgh","ACC",14,25980,367,544,4723,44,8,525,2107,26,6830,7,15,362,204,90,17,25,94,895,19,445,1,30,278,0,16,265,4
2021,"South Florida","American Athletic",12,21948,191,354,2309,6,12,487,1898,25,4207,9,21,243,169,58,16,30,60,548,36,803,3,10,120,0,10,249,1
2021,"Colorado State","Mountain West",12,20906,237,396,3020,15,11,515,1969,14,4989,8,19,254,202,82,10,25,85,822,19,461,0,24,166,1,6,106,0
2021,"Colorado","Pac-12",12,19582,154,269,1575,10,3,438,1514,12,3089,4,7,173,158,51,6,18,76,677,21,603,1,20,273,1,9,143,1
2021,"West Virginia","Big 12",13,24457,290,447,3223,19,12,452,1601,19,4824,8,20,278,186,74,19,28,67,561,29,672,1,19,59,0,9,104,0
2021,"Ole Miss","SEC",13,21443,286,429,3573,21,7,588,2829,33,6402,5,12,338,191,73,31,49,117,978,22,429,0,8,93,0,11,100,1
2021,"Baylor","Big 12",14,26367,237,365,2843,24,7,572,3070,29,5913,8,15,290,183,77,22,35,75,677,30,650,1,19,154,0,19,254,2
2021,"Oklahoma","Big 12",13,22892,279,403,3425,32,9,448,2438,29,5863,4,13,289,148,63,11,16,87,733,13,244,0,12,69,0,11,104,0
2021,"Navy","American Athletic",12,25052,48,97,681,6,3,697,2712,19,3393,5,8,200,188,70,25,36,53,422,32,686,1,16,162,1,7,23,0
2021,"Southern Miss","Conference USA",12,22229,160,287,1746,14,17,465,1449,8,3195,14,31,191,165,48,7,17,98,750,32,722,1,21,225,0,11,137,3
2021,"Tulsa","American Athletic",13,24073,243,410,3254,18,16,549,2496,20,5750,8,24,294,189,73,9,19,97,930,33,516,1,23,76,0,11,115,1
2021,"Virginia","ACC",12,22110,351,554,4706,31,12,339,1483,21,6189,6,18,318,159,73,8,20,77,681,14,206,0,17,94,0,8,126,0
2021,"Nevada","Mountain West",13,22524,395,572,4511,38,9,337,1006,13,5517,2,11,289,188,78,12,21,85,716,39,810,0,19,223,0,14,219,3
2021,"Rutgers","Big Ten",13,23635,231,394,2229,9,10,500,1799,20,4028,4,14,227,193,61,14,39,65,529,39,813,0,24,255,1,7,88,1
2021,"South Carolina","SEC",13,23417,211,360,2615,22,11,467,1773,9,4388,13,24,227,170,60,14,28,76,597,21,479,0,12,80,0,15,296,3
2021,"Louisiana","Sun Belt",14,25936,246,405,3060,22,4,565,2715,34,5775,4,8,300,189,69,22,37,74,686,36,608,0,25,159,0,10,150,1
2021,"Arkansas State","Sun Belt",12,20968,310,525,3757,27,17,349,975,4,4732,5,22,257,179,58,5,17,67,552,63,1400,2,17,131,1,9,93,0
2021,"Boston College","ACC",12,21745,169,304,2217,13,11,475,1987,21,4204,7,18,231,159,64,12,21,65,596,24,596,1,16,79,0,10,27,1
2021,"Ohio","Mid-American",12,21443,200,313,2209,11,8,434,2248,20,4457,8,16,242,144,52,11,17,74,703,50,794,1,10,54,0,6,19,0
2021,"Florida Atlantic","Conference USA",12,20515,230,386,2982,20,8,449,1819,18,4801,11,19,240,177,75,9,23,85,717,29,606,0,19,129,0,13,169,2
2021,"Army","FBS Independents",13,27673,60,110,1233,11,3,758,3648,46,4881,5,8,261,178,82,30,41,50,479,25,161,0,14,154,0,10,141,0
2021,"Iowa","Big Ten",14,25271,222,404,2521,12,11,507,1731,18,4252,8,19,232,200,68,5,16,57,505,30,759,1,41,315,1,25,225,3
2021,"Arkansas","SEC",13,23010,205,314,2781,22,5,588,2961,26,5742,6,11,284,173,64,12,19,103,820,20,310,0,25,264,1,13,97,0
2021,"Central Michigan","Mid-American",13,24220,273,448,3450,31,10,520,2329,18,5779,4,14,300,191,71,17,29,82,726,32,647,1,15,290,2,5,31,0
2021,"Minnesota","Big Ten",13,27644,152,256,2106,12,9,602,2575,27,4681,4,13,259,170,75,9,15,58,589,20,289,0,16,136,0,8,99,0
2021,"Akron","Mid-American",12,22428,226,352,2610,21,5,432,1463,8,4073,12,17,225,163,62,14,32,68,553,53,662,1,9,50,0,6,79,1
2021,"Louisville","ACC",13,23827,221,364,3074,21,6,504,2728,29,5802,7,13,274,176,70,14,27,80,714,31,732,1,15,157,1,10,161,1
2021,"North Carolina","ACC",13,23155,237,382,3324,26,9,513,2765,30,6089,5,14,310,165,71,11,19,95,900,25,361,0,17,149,0,11,71,0
2021,"Texas Tech","Big 12",13,21820,245,388,3344,18,11,436,2068,30,5412,9,20,254,157,67,14,29,68,580,20,368,0,22,148,0,10,28,2
2021,"UNLV","Mountain West",12,21348,193,331,2430,11,14,395,1317,18,3747,8,22,186,164,57,4,16,54,455,27,387,0,7,49,0,9,81,0
2021,"Kansas State","Big 12",13,23324,204,311,2599,14,7,436,2111,29,4710,7,14,233,146,64,15,20,71,595,27,735,2,12,102,1,11,108,0
2021,"UConn","FBS Independents",12,18592,208,407,1966,11,17,377,1215,8,3181,5,22,173,179,42,11,29,80,585,57,1125,2,13,150,0,10,49,1
2021,"Louisiana Tech","Conference USA",12,20361,248,411,3151,22,16,416,1466,16,4617,7,23,249,168,66,8,18,81,625,37,750,0,22,195,0,9,211,2
2021,"Ball State","Mid-American",13,21572,267,440,2699,18,7,444,1685,17,4384,5,12,248,188,75,11,21,64,531,31,703,1,20,169,0,15,140,0
2021,"Miami (OH)","Mid-American",13,23217,247,427,3621,32,8,452,1919,15,5540,4,12,279,176,70,9,21,87,790,27,395,0,13,118,0,9,87,1
2021,"Oklahoma State","Big 12",14,25941,274,447,3246,23,13,620,2597,27,5843,7,20,331,220,94,7,13,84,781,22,608,2,18,68,1,9,159,1
2021,"Oregon","Pac-12",14,25005,259,410,3098,20,8,535,2833,36,5931,6,14,318,180,91,9,19,103,905,38,808,0,17,170,0,17,162,1
2021,"Texas","Big 12",12,20217,217,346,2705,29,10,457,2392,25,5097,7,17,244,160,70,9,20,69,579,28,504,0,17,174,0,7,91,1
2021,"Buffalo","Mid-American",12,22745,218,367,2579,12,11,539,2346,30,4925,8,19,285,187,87,14,24,65,624,36,683,0,13,88,0,3,19,0
2021,"New Mexico State","FBS Independents",12,21976,296,518,3236,15,10,370,1207,15,4443,6,16,263,191,72,9,20,83,722,29,449,0,10,45,0,10,102,0
2021,"USC","Pac-12",12,22656,318,500,3580,21,13,401,1747,16,5327,7,20,309,179,80,10,15,95,895,28,617,0,16,76,0,14,60,1
2021,"Oregon State","Pac-12",13,23787,218,347,2820,19,12,521,2761,33,5581,6,18,299,161,80,11,23,89,820,18,320,0,15,147,1,15,65,0
2021,"Fresno State","Mountain West",13,24530,342,514,4247,35,10,439,1783,17,6030,12,22,316,183,78,8,15,99,926,31,504,0,16,46,0,12,197,0
2021,"Coastal Carolina","Sun Belt",13,24394,227,322,3457,33,4,509,2974,36,6431,6,10,309,143,77,10,13,70,666,28,542,0,25,241,3,6,27,0
2021,"Washington State","Pac-12",13,23826,281,452,3345,26,13,403,1587,19,4932,5,18,263,170,67,9,24,69,603,27,439,0,14,148,0,15,183,1
2021,"Rice","Conference USA",12,23952,205,344,2540,16,15,476,1789,19,4329,7,22,234,176,62,16,29,89,763,31,660,0,11,102,0,14,55,0
2021,"UL Monroe","Sun Belt",12,20751,200,354,2328,15,9,500,1613,13,3941,6,15,223,191,65,14,27,45,391,22,303,0,6,20,0,11,177,1
2021,"Toledo","Mid-American",13,22102,226,390,3108,22,3,472,2553,29,5661,4,7,270,175,62,10,23,130,1172,36,898,1,27,232,3,8,185,1
2021,"UCLA","Pac-12",12,21431,207,335,2714,23,8,518,2582,31,5296,6,14,281,162,74,20,30,86,774,25,657,1,16,268,2,12,144,0
2021,"Kentucky","SEC",13,25425,242,366,2933,24,13,496,2594,27,5527,10,23,296,151,76,6,16,63,548,22,301,0,16,165,1,9,188,3
2021,"Missouri","SEC",13,23636,301,455,3036,19,11,464,2342,22,5378,2,13,282,190,84,11,19,83,770,34,621,1,14,69,0,11,91,1
2021,"Syracuse","ACC",12,21063,156,287,1836,10,6,491,2562,28,4398,6,12,234,156,51,9,17,84,692,36,752,0,23,241,1,4,32,0
2021,"Cincinnati","American Athletic",14,22810,257,400,3377,33,9,464,2406,34,5783,10,19,277,158,62,12,19,101,754,28,667,1,22,224,0,19,214,1
2021,"Stanford","Pac-12",12,19730,239,372,2582,16,12,325,1051,13,3633,7,19,200,145,49,9,15,76,534,32,764,0,13,180,0,6,84,1
2021,"Auburn","SEC",13,21736,267,455,3121,17,4,443,2096,22,5217,8,12,271,184,74,13,23,73,598,27,621,0,23,204,1,9,110,2
2021,"Florida","SEC",13,23790,265,416,3304,27,18,495,2714,26,6018,3,21,291,174,72,14,26,104,918,26,413,0,25,176,0,9,43,0
2021,"Liberty","FBS Independents",13,23655,226,381,3315,33,15,508,2350,26,5665,7,22,294,162,69,13,30,92,865,38,735,0,27,190,1,9,49,1
2021,"Nebraska","Big Ten",12,20798,215,342,3197,14,11,490,2174,31,5371,7,18,259,159,65,14,24,63,540,17,187,0,9,30,0,10,67,0
2021,"Wisconsin","Big Ten",13,26357,177,300,2082,11,13,567,2742,26,4824,10,23,261,169,57,11,20,70,567,23,377,1,19,92,0,16,235,2
2021,"Middle Tennessee","Conference USA",13,23574,296,463,3100,28,13,457,1608,15,4708,8,21,258,185,58,15,31,86,736,18,333,0,23,341,2,17,314,3
2021,"Eastern Michigan","Mid-American",13,23820,309,455,3417,19,9,455,1541,26,4958,5,14,289,175,73,14,29,50,448,32,459,0,16,114,1,8,166,2
2021,"BYU","FBS Independents",13,22845,253,389,3433,26,5,480,2457,30,5890,7,12,301,158,72,16,24,66,539,18,298,0,27,238,1,15,82,0
2021,"Troy","Sun Belt",12,19895,265,419,2864,15,10,366,1197,18,4061,11,21,219,167,67,15,24,60,534,24,275,0,8,63,0,16,198,3
2021,"Alabama","SEC",15,29142,380,571,5073,48,7,548,2250,21,7323,6,13,367,225,117,9,17,107,990,20,480,2,33,260,2,15,189,2
2021,"Marshall","Conference USA",13,21318,324,491,3827,18,15,449,2109,38,5936,10,25,304,169,71,10,16,87,750,37,731,2,23,157,0,10,163,0
2021,"Utah","Pac-12",14,25898,254,401,3000,24,8,545,3035,37,6035,7,15,339,170,82,11,24,67,623,16,413,1,30,454,2,10,149,3
2021,"Massachusetts","FBS Independents",12,21426,163,331,1832,11,11,416,1764,14,3596,9,20,196,159,53,11,25,75,714,38,471,0,9,66,0,2,12,0
2021,"Western Michigan","Mid-American",13,27532,233,368,3297,23,6,590,2783,31,6080,10,16,322,181,84,12,26,89,766,30,536,2,10,27,0,4,22,0
2021,"TCU","Big 12",12,21223,200,310,2838,19,6,473,2330,21,5168,10,16,252,166,76,7,18,85,737,30,804,1,10,92,0,10,83,1
2021,"Virginia Tech","ACC",13,23367,173,316,2293,17,5,531,2412,16,4705,7,12,245,181,74,9,18,70,597,37,875,0,27,331,1,10,97,1
2021,"Notre Dame","FBS Independents",13,23316,289,450,3672,30,10,451,1868,23,5540,6,16,289,182,77,9,17,73,642,18,423,1,19,164,0,15,300,3
2021,"Western Kentucky","Conference USA",14,23244,480,697,6072,63,12,349,1435,13,7507,8,20,385,174,81,11,22,95,758,50,1046,2,16,142,0,21,213,2
2021,"Georgia Tech","ACC",12,21029,205,342,2375,18,10,444,2028,15,4403,5,15,226,163,58,10,23,72,609,37,732,1,17,65,0,3,6,0
2021,"Iowa State","Big 12",13,24110,313,446,3430,22,9,411,2089,25,5519,5,14,280,165,60,15,23,63,502,22,405,0,17,111,0,11,78,1
2021,"East Carolina","American Athletic",12,24471,261,424,3249,21,11,475,1949,20,5198,11,22,267,191,66,26,36,63,591,23,403,0,13,81,0,15,147,2
2021,"Ohio State","Big Ten",13,22909,349,494,4952,46,8,423,2344,24,7296,3,11,348,155,81,11,19,85,770,29,686,0,22,132,0,12,283,4
2021,"Georgia State","Sun Belt",13,22125,180,311,2101,19,8,586,2931,25,5032,7,15,279,172,72,10,18,70,656,19,133,0,3,4,0,11,170,1
2021,"Vanderbilt","SEC",12,22239,226,408,2272,13,14,423,1482,8,3754,5,19,211,188,60,19,30,66,508,24,324,0,8,45,0,13,74,0
2021,"Utah State","Mountain West",14,24586,303,504,4248,41,15,564,2013,13,6261,8,23,332,222,98,16,30,87,778,42,912,2,14,121,0,12,112,0
2021,"Kent State","Mid-American",14,22241,261,405,3425,21,6,647,3482,36,6907,6,12,362,202,88,13,27,109,993,57,1140,0,15,82,0,16,116,0
2021,"Mississippi State","SEC",13,26243,518,704,4918,37,9,270,821,10,5739,8,17,330,172,79,10,16,99,760,31,766,1,22,151,0,11,99,0
2021,"Memphis","American Athletic",12,19227,268,445,3585,26,11,416,1645,18,5230,8,19,270,175,71,22,38,58,475,33,678,0,10,131,1,9,41,0
2021,"Illinois","Big Ten",12,21021,165,322,1874,13,6,468,2083,12,3957,6,12,211,178,68,5,13,60,633,12,49,0,16,121,0,9,39,0
2021,"Temple","American Athletic",12,19811,213,363,2126,10,9,361,1316,12,3442,12,21,177,155,43,11,26,70,538,33,580,0,15,53,0,6,56,1
2021,"San Diego State","Mountain West",14,26942,209,361,2351,16,5,571,2448,26,4799,9,14,261,193,62,12,19,103,950,39,890,1,31,248,2,17,177,2
2021,"Washington","Pac-12",12,20614,243,409,2700,15,16,370,1181,16,3881,7,23,216,169,75,10,23,51,474,26,491,0,19,106,0,10,171,0
2021,"California","Pac-12",12,21905,235,382,2659,16,8,402,1970,17,4629,2,10,228,167,68,9,27,74,694,18,491,1,14,100,0,13,28,1
2021,"UTSA","Conference USA",14,24841,289,446,3577,31,6,556,2569,26,6146,7,13,320,197,85,13,23,71,713,11,198,0,27,294,1,12,200,3
2021,"SMU","American Athletic",12,21041,313,468,3654,39,12,422,1937,20,5591,6,18,297,168,73,16,24,67,627,36,956,2,14,75,0,10,120,0
2021,"Arizona","Pac-12",12,21767,268,444,2716,12,18,426,1556,6,4272,5,23,248,190,61,18,28,105,845,27,483,0,23,202,1,4,89,1
2021,"Air Force","Mountain West",13,28564,55,113,1242,8,4,836,4267,44,5509,6,10,284,195,88,32,41,55,505,14,68,0,5,36,0,8,53,0
2021,"New Mexico","Mountain West",12,21502,143,260,1369,10,8,465,1434,5,2803,12,20,165,169,43,7,21,83,685,43,993,0,16,196,1,9,24,0
2021,"Indiana","Big Ten",12,21497,199,390,2106,9,15,428,1384,13,3490,7,22,206,187,69,11,22,56,496,29,424,0,15,156,2,5,42,0
2021,"Houston","American Athletic",14,28214,307,459,3802,32,12,515,2003,27,5805,2,14,303,197,83,17,25,91,860,43,878,2,29,396,2,14,210,2
2021,"UAB","Conference USA",13,24851,182,286,2682,20,10,513,2342,27,5024,7,17,232,169,69,10,14,115,1126,24,259,0,12,125,1,10,218,2
2021,"North Texas","Conference USA",13,23285,204,394,2562,12,14,639,3043,32,5605,5,19,299,210,87,16,39,93,889,24,442,0,12,93,0,6,114,0
2021,"Bowling Green","Mid-American",12,21353,238,407,2578,12,9,370,1228,15,3806,8,17,187,179,61,6,18,96,853,38,703,0,23,188,0,12,158,1
2021,"Tennessee","SEC",13,19116,243,375,3342,33,3,577,2832,30,6174,10,13,316,178,80,15,31,89,788,33,813,1,26,306,0,13,256,3
2021,"Georgia","SEC",15,27499,264,407,3778,39,12,545,2864,29,6642,5,17,339,172,77,8,14,77,648,17,322,0,33,317,1,16,265,4
2021,"Wake Forest","ACC",14,24118,302,519,4303,39,15,565,2247,31,6550,5,20,354,231,115,12,20,81,737,28,567,1,25,286,0,15,177,1
2021,"Charlotte","Conference USA",12,23205,247,394,3044,27,10,430,1805,13,4849,10,20,265,165,66,22,35,77,636,40,877,0,8,46,0,8,44,2
2021,"UCF","American Athletic",13,22303,252,390,2680,29,9,476,2552,27,5232,6,15,259,174,65,11,14,80,696,28,554,0,24,186,0,11,114,0
2021,"Texas State","Sun Belt",12,20382,223,387,2317,15,12,443,1790,17,4107,8,20,241,169,56,16,24,70,705,44,769,0,11,86,1,3,20,0
2021,"Miami","ACC",12,19738,295,464,3854,30,10,415,1532,20,5386,7,17,292,174,73,15,21,87,763,19,306,0,21,199,0,8,113,1
2021,"LSU","SEC",13,23099,262,443,3308,32,11,445,1482,9,4790,5,16,252,192,71,20,32,56,446,13,216,0,22,117,0,8,142,1
2021,"Kansas","Big 12",12,22197,195,318,2218,15,10,435,1674,15,3892,3,13,196,164,59,11,30,49,404,27,553,0,8,108,0,7,146,2
2021,"Georgia Southern","Sun Belt",12,22129,141,275,1765,5,12,536,2320,22,4085,5,17,215,173,61,12,27,68,544,34,461,0,11,58,1,5,54,1
2021,"Texas A&M","SEC",12,21740,208,370,2503,19,13,418,2196,17,4699,3,16,251,155,58,6,10,76,656,13,336,1,30,320,1,10,115,1
2021,"Michigan State","Big Ten",13,22213,243,400,3298,27,10,479,2283,23,5581,8,18,271,180,72,14,20,90,831,29,534,0,13,237,2,10,232,2
2021,"Boise State","Mountain West",12,21573,254,410,3127,20,10,460,1466,15,4593,5,15,264,181,80,6,16,60,595,24,484,0,17,238,3,13,268,1
2021,"Northern Illinois","Mid-American",14,28145,205,355,2623,15,8,649,3381,36,6004,10,18,321,195,73,26,31,70,634,41,748,1,11,61,0,3,83,2
2021,"Old Dominion","Conference USA",13,22499,245,420,2792,15,14,494,2087,22,4879,9,23,265,191,80,9,21,89,782,34,796,2,28,303,1,7,159,1
2021,"Duke","ACC",12,21103,265,410,2855,9,9,524,2163,22,5018,12,21,262,203,86,11,29,78,740,43,995,2,16,135,0,8,101,0
2021,"Wyoming","Mountain West",13,23353,162,297,2115,15,12,543,2752,24,4867,6,18,241,173,75,7,20,66,584,20,460,1,12,46,0,10,138,3
2021,"Maryland","Big Ten",13,22933,339,489,3960,27,12,439,1770,20,5730,6,18,303,170,65,11,22,87,739,28,460,0,24,183,1,6,54,0
2022,"Liberty","FBS Independents",13,22329,229,395,2815,21,15,492,2241,24,5056,12,27,265,174,64,11,23,80,696,39,810,1,18,74,0,14,88,0
2022,"Missouri","SEC",13,24245,247,391,2771,13,9,493,2034,21,4805,11,20,241,193,77,9,18,101,828,14,229,0,13,147,1,11,99,2
2022,"North Texas","Conference USA",14,22978,241,430,3667,34,16,536,2770,24,6437,6,22,304,189,81,14,23,73,579,44,878,1,11,49,0,8,149,1
2022,"UAB","Conference USA",13,24904,194,321,2641,15,7,528,3056,32,5697,11,18,276,165,74,13,27,91,787,26,556,0,15,126,2,10,200,1
2022,"Cincinnati","American Athletic",13,22030,249,417,3155,22,8,426,1686,19,4841,6,14,241,181,66,13,20,98,837,23,491,1,14,159,0,11,104,2
2022,"Colorado","Pac-12",12,19718,179,360,2075,10,10,387,1300,11,3375,12,22,190,164,52,11,30,64,579,35,750,0,11,177,1,6,57,0
2022,"Central Michigan","Mid-American",12,20720,219,389,2497,16,10,444,1910,22,4407,18,28,239,170,60,18,33,83,753,35,701,0,22,111,0,4,29,0
2022,"Boise State","Mountain West",14,25906,229,385,2649,20,9,549,2751,27,5400,8,17,273,191,76,10,17,78,664,24,542,0,28,187,1,15,186,1
2022,"Air Force","Mountain West",13,28361,41,87,916,8,2,802,4254,37,5170,11,13,266,176,79,21,29,51,386,5,54,0,4,11,0,9,89,0
2022,"Florida International","Conference USA",12,19551,271,468,2625,16,16,356,1250,11,3875,4,20,216,173,51,16,35,74,640,36,712,0,10,31,0,7,79,1
2022,"Troy","Sun Belt",14,25554,251,401,3396,20,15,497,1626,21,5022,6,21,273,176,56,18,27,76,699,19,343,0,14,132,0,13,249,1
2022,"Washington State","Pac-12",13,21586,322,499,3286,24,9,365,1395,17,4681,8,17,253,175,64,13,29,70,592,28,603,0,24,218,0,12,245,2
2022,"San José State","Mountain West",12,20595,260,430,3261,23,7,343,1154,19,4415,2,9,245,150,56,8,17,69,582,23,379,0,6,39,0,13,87,0
2022,"Nevada","Mountain West",12,20510,217,398,2227,7,8,427,1427,19,3654,9,17,203,195,68,13,26,72,661,33,636,0,15,103,0,11,50,1
2022,"Middle Tennessee","Conference USA",13,22388,341,512,3442,21,11,451,1423,20,4865,7,18,262,202,69,21,36,86,765,16,348,0,23,224,2,20,246,4
2022,"Colorado State","Mountain West",12,21218,203,322,2361,12,11,385,1068,4,3429,8,19,176,151,34,13,33,83,725,19,319,0,20,202,1,8,79,1
2022,"UCLA","Pac-12",13,21338,291,419,3447,29,12,514,3099,36,6546,8,20,336,163,83,15,26,84,682,39,759,0,11,56,0,11,182,1
2022,"Massachusetts","FBS Independents",12,22985,136,277,1403,4,14,519,1804,10,3207,5,19,175,194,55,13,27,91,794,34,638,0,11,96,0,9,95,1
2022,"Eastern Michigan","Mid-American",13,24543,245,393,2914,23,12,503,1843,25,4757,7,19,277,177,80,11,24,103,960,41,760,1,10,52,0,13,141,0
2022,"Kentucky","SEC",13,25845,224,349,2710,21,13,463,1511,9,4221,6,19,229,170,58,16,26,74,514,27,506,1,23,114,0,10,144,1
2022,"Notre Dame","FBS Independents",13,25092,211,338,2693,25,11,531,2458,25,5151,7,18,281,176,83,7,16,60,550,18,347,0,29,286,1,10,132,2
2022,"Northern Illinois","Mid-American",12,22176,185,328,2192,18,14,478,2285,19,4477,2,16,225,171,67,10,21,76,750,26,434,0,6,13,0,8,41,1
2022,"Memphis","American Athletic",13,24061,291,455,3641,23,8,493,1851,30,5492,8,16,293,194,88,13,24,53,480,29,673,0,27,255,1,16,255,3
2022,"Arkansas","SEC",13,23698,230,356,3041,26,7,606,3085,27,6126,11,18,311,194,89,9,20,83,723,9,161,0,16,162,1,9,83,0
2022,"South Alabama","Sun Belt",13,25511,291,447,3496,28,12,504,2019,19,5515,4,16,289,194,83,17,29,100,915,27,589,0,24,228,1,13,114,2
2022,"Virginia Tech","ACC",11,19239,203,346,2232,9,9,388,1230,15,3462,6,15,193,159,50,6,14,80,637,30,505,0,25,227,2,4,38,1
2022,"Georgia State","Sun Belt",12,20784,173,297,2431,18,7,578,2586,26,5017,12,19,266,182,74,15,26,84,764,11,103,0,11,58,0,13,114,1
2022,"Maryland","Big Ten",13,24262,294,446,3383,21,8,469,1837,23,5220,7,15,263,199,83,17,28,101,924,37,690,0,23,156,0,9,61,0
2022,"Oklahoma","Big 12",13,20534,251,407,3310,27,8,580,2859,28,6169,7,15,309,195,80,11,27,74,652,25,481,0,13,169,0,17,131,0
2022,"Michigan","Big Ten",14,28389,238,370,3078,24,6,600,3344,41,6422,4,10,326,186,84,18,21,58,448,20,401,0,33,281,1,14,168,1
2022,"Rutgers","Big Ten",12,21019,168,332,1852,11,14,432,1523,11,3375,6,20,178,172,49,9,17,94,770,27,541,0,16,108,1,9,65,2
2022,"Akron","Mid-American",12,19937,296,457,3124,13,10,348,1026,15,4150,12,22,254,155,52,12,24,72,652,42,866,0,17,88,0,8,119,1
2022,"Indiana","Big Ten",12,18459,260,482,2609,16,13,396,1330,15,3939,5,18,230,192,65,9,23,60,547,31,721,2,14,45,0,7,10,0
2022,"Stanford","Pac-12",12,21522,275,448,3051,15,8,376,1288,14,4339,13,21,249,164,62,11,21,55,495,46,888,0,17,64,0,6,3,0
2022,"Michigan State","Big Ten",12,18864,258,412,2880,23,12,361,1356,16,4236,4,16,241,152,59,12,28,69,654,24,424,0,17,158,0,2,32,1
2022,"Wake Forest","ACC",13,22196,302,474,4055,43,13,502,1711,17,5766,6,19,328,185,86,15,30,62,530,17,339,0,18,134,0,7,88,2
2022,"Oregon State","Pac-12",13,24925,201,323,2594,16,13,523,2554,36,5148,5,18,289,153,67,16,23,78,711,30,667,0,20,319,2,12,105,2
2022,"Texas A&M","SEC",12,20049,220,391,2633,18,6,367,1707,12,4340,12,18,233,153,55,4,11,76,589,23,510,1,22,121,0,4,13,0
2022,"UTSA","Conference USA",14,24977,341,503,4206,34,9,543,2458,28,6664,10,19,362,187,91,13,27,99,876,21,423,1,14,72,0,15,208,1
2022,"Arkansas State","Sun Belt",12,21770,247,396,2721,16,5,381,1058,16,3779,4,9,206,167,49,14,23,68,654,51,1106,1,17,96,0,6,115,1
2022,"Hawai'i","Mountain West",13,22048,261,490,2672,13,12,406,1784,16,4456,8,20,244,194,67,18,34,73,652,42,631,0,15,52,0,10,124,1
2022,"Utah","Pac-12",14,28286,288,446,3489,31,10,560,3048,38,6537,8,18,363,180,91,18,29,63,563,8,160,0,31,234,0,12,293,3
2022,"South Carolina","SEC",13,22366,281,419,3379,23,14,410,1555,27,4934,13,27,246,159,62,13,21,88,814,23,578,1,19,278,2,15,299,2
2022,"Ball State","Mid-American",12,20158,287,481,2738,18,14,417,1893,14,4631,7,21,256,185,67,6,19,73,691,22,473,0,13,57,0,7,44,0
2022,"Florida","SEC",13,22655,199,366,2910,18,9,472,2603,29,5513,5,14,260,168,68,15,32,89,651,27,586,0,18,130,0,9,93,2
2022,"Pittsburgh","ACC",13,25923,223,393,2889,13,11,522,2380,30,5269,9,20,279,179,70,10,20,96,828,29,438,0,34,290,1,14,215,4
2022,"Texas","Big 12",13,21302,248,405,3138,22,7,470,2444,29,5582,7,14,296,165,64,12,22,79,615,21,472,0,21,186,1,10,167,2
2022,"Kansas","Big 12",13,22494,242,371,3307,32,8,446,2386,29,5693,11,19,264,158,80,9,19,69,605,24,410,0,4,15,0,12,208,1
2022,"Temple","American Athletic",12,19460,288,484,3217,18,12,318,989,11,4206,11,23,220,173,57,14,33,55,444,42,673,0,15,77,0,6,136,2
2022,"Texas Tech","Big 12",13,23388,349,570,3927,26,18,525,2073,28,6000,7,25,345,211,77,34,53,74,576,30,681,1,17,112,0,9,47,0
2022,"Tulane","American Athletic",14,24933,241,379,3313,30,5,556,2868,34,6181,11,16,302,172,66,16,27,56,480,33,723,0,23,227,1,12,53,0
2022,"SMU","American Athletic",13,21608,333,513,4117,36,11,492,2030,26,6147,9,20,331,203,97,22,37,55,542,25,362,0,15,145,0,10,113,0
2022,"Arizona","Pac-12",12,20202,283,459,3821,26,13,352,1728,19,5549,8,21,289,147,62,10,23,65,600,20,354,0,13,93,0,4,59,0
2022,"Fresno State","Mountain West",14,26266,333,472,3774,22,9,465,1862,28,5636,5,14,307,177,81,7,14,63,575,30,673,0,13,259,2,12,140,1
2022,"Louisiana","Sun Belt",13,23020,252,441,2859,27,9,457,1877,10,4736,8,17,255,186,72,17,33,85,724,25,467,0,27,442,2,15,154,1
2022,"Baylor","Big 12",13,24573,247,392,3009,19,11,535,2371,34,5380,7,18,295,179,72,30,47,62,533,35,596,0,15,189,1,13,87,1
2022,"Bowling Green","Mid-American",13,22628,267,440,3062,25,11,415,1283,8,4345,12,23,226,188,64,11,25,100,896,40,863,1,16,200,2,10,142,1
2022,"Louisville","ACC",13,23328,218,368,2672,13,12,519,2613,25,5285,11,23,264,177,67,12,30,90,858,17,371,1,28,141,0,15,214,2
2022,"UTEP","Conference USA",12,24322,203,380,2625,15,12,463,2006,14,4631,9,21,252,169,66,16,28,78,669,21,342,0,17,100,1,5,4,0
2022,"San Diego State","Mountain West",13,24136,185,342,2348,15,14,470,1862,11,4210,10,24,205,177,52,15,20,96,772,37,753,1,28,176,3,13,34,0
2022,"Georgia Tech","ACC",12,20383,219,381,2306,10,9,426,1596,13,3902,4,13,212,180,55,8,21,69,632,13,273,0,9,84,0,11,55,1
2022,"Iowa State","Big 12",12,23128,313,479,3141,19,15,394,1286,10,4427,7,22,245,191,80,15,27,67,548,21,348,0,13,87,0,7,84,0
2022,"Vanderbilt","SEC",12,22752,200,346,2248,22,6,445,1919,13,4167,10,16,210,171,63,11,29,63,553,24,511,0,9,42,0,6,41,0
2022,"Auburn","SEC",12,21757,159,308,2072,9,12,488,2470,25,4542,10,22,217,178,64,13,22,90,688,24,396,0,20,170,0,6,60,1
2022,"Clemson","ACC",14,26214,297,478,3247,24,10,548,2497,31,5744,12,22,319,211,100,6,12,76,675,21,412,0,29,190,0,13,153,2
2022,"Old Dominion","Sun Belt",12,17374,237,417,2977,19,7,310,1097,8,4074,11,18,189,158,47,8,23,83,765,25,494,0,15,120,0,12,96,1
2022,"UL Monroe","Sun Belt",12,21220,221,331,2464,16,7,418,1447,16,3911,8,15,213,167,67,5,14,59,537,29,511,0,8,29,1,6,53,0
2022,"Houston","American Athletic",13,23304,337,501,4082,40,10,401,1847,17,5929,9,19,305,176,80,18,27,102,909,42,837,1,12,180,1,7,222,1
2022,"Penn State","Big Ten",13,23838,270,422,3283,29,7,489,2354,28,5637,7,14,275,180,68,21,30,69,628,20,447,1,24,105,0,14,243,1
2022,"Georgia","SEC",15,30211,336,492,4437,31,7,557,3080,44,7517,10,17,371,182,93,13,15,66,673,22,437,0,22,265,0,12,122,0
2022,"Utah State","Mountain West",13,22460,230,398,2537,18,21,549,2071,14,4608,6,27,257,201,66,18,34,111,1007,31,601,1,22,197,1,11,90,1
2022,"Charlotte","Conference USA",12,21272,257,429,3254,27,14,371,1389,13,4643,7,21,254,159,63,12,34,80,702,44,838,0,14,107,0,9,7,0
2022,"UConn","FBS Independents",13,23632,157,276,1456,10,10,525,2482,20,3938,11,21,210,179,66,7,18,92,790,31,597,0,16,81,0,13,165,0
2022,"Duke","ACC",13,25813,255,399,3010,20,6,484,2394,31,5404,4,10,282,171,72,14,24,67,652,32,645,0,13,259,1,10,93,1
2022,"North Carolina","ACC",14,25136,344,525,4330,38,7,509,2148,24,6478,7,14,344,201,93,25,35,86,774,23,523,1,16,213,0,9,107,0
2022,"App State","Sun Belt",12,22029,226,358,3005,28,6,474,2459,27,5464,5,11,276,156,61,18,37,66,604,28,699,1,16,78,0,7,32,0
2022,"Western Kentucky","Conference USA",14,24326,402,622,4932,43,12,414,2032,15,6964,10,22,344,187,78,14,35,87,805,24,481,0,16,135,1,19,314,4
2022,"Miami","ACC",12,22111,256,413,2879,18,12,414,1537,12,4416,13,25,254,166,67,9,22,84,715,35,930,1,13,125,0,13,136,2
2022,"Southern Miss","Sun Belt",13,22334,191,346,2698,20,14,476,1842,15,4540,12,26,233,177,60,12,19,87,774,23,474,0,26,308,0,16,212,3
2022,"Florida State","ACC",13,24198,249,395,3512,28,7,509,2783,33,6295,7,14,315,168,86,8,23,86,753,17,389,1,23,237,0,8,10,0
2022,"Ohio State","Big Ten",13,23986,274,410,3878,42,6,466,2501,30,6379,4,10,310,166,75,12,17,73,624,18,330,0,19,141,0,11,109,2
2022,"Florida Atlantic","Conference USA",12,20769,217,378,2715,25,5,492,2210,19,4925,8,13,264,189,81,12,21,74,696,15,241,0,15,136,0,12,356,3
2022,"USC","Pac-12",14,26804,344,514,4694,43,5,473,2396,30,7090,2,7,360,168,91,15,22,88,812,36,655,0,17,93,0,19,339,3
2022,"Navy","American Athletic",12,24935,54,126,1030,9,6,708,2894,22,3924,9,15,211,196,74,23,37,46,376,24,471,0,16,147,0,8,57,0
2022,"TCU","Big 12",15,27379,292,454,3926,33,8,566,2899,37,6825,8,16,315,201,80,14,27,72,744,46,907,0,25,301,2,16,282,4
2022,"Tulsa","American Athletic",12,20790,241,415,3278,27,10,429,1664,18,4942,8,18,257,169,67,11,17,73,680,19,303,0,17,85,0,6,28,0
2022,"West Virginia","Big 12",12,22559,255,426,2720,20,12,446,2058,24,4778,6,18,276,178,73,22,32,77,636,25,444,0,12,73,0,4,76,2
2022,"Mississippi State","SEC",13,23380,427,634,4035,36,9,296,1071,12,5106,10,19,296,176,69,15,29,82,790,31,807,1,21,213,1,14,294,3
2022,"Illinois","Big Ten",13,25505,273,393,2722,15,5,545,2180,18,4902,11,16,275,186,71,12,25,83,768,16,315,0,23,147,0,24,274,1
2022,"Coastal Carolina","Sun Belt",13,25265,237,361,3200,27,6,513,2067,22,5267,13,19,283,173,74,12,21,81,739,31,590,1,11,79,0,9,101,0
2022,"Virginia","ACC",10,16502,185,342,2210,7,12,329,1230,13,3440,10,22,190,138,44,7,18,70,622,20,440,0,12,47,0,5,40,0
2022,"New Mexico State","FBS Independents",13,22507,159,305,2199,18,13,454,2101,24,4300,5,18,216,164,64,11,15,85,746,16,267,0,24,177,0,7,30,1
2022,"Arizona State","Pac-12",12,22137,270,403,3023,18,10,385,1623,21,4646,8,18,254,151,59,12,19,87,868,34,757,0,19,63,0,11,114,1
2022,"South Florida","American Athletic",12,21226,188,326,2315,18,9,442,2361,25,4676,11,20,232,151,59,14,31,55,443,48,994,1,12,100,0,6,49,0
2022,"UCF","American Athletic",14,25924,291,451,3377,22,9,615,3192,35,6569,12,21,339,209,97,19,30,68,649,33,616,0,29,240,2,6,34,0
2022,"Ole Miss","SEC",13,20590,239,386,3118,22,11,614,3335,33,6453,9,20,327,187,88,17,35,88,821,26,447,0,17,111,0,8,34,0
2022,"Oregon","Pac-12",13,24462,308,432,3703,30,9,508,2804,34,6507,3,12,340,162,75,20,32,88,744,28,523,0,13,64,0,16,207,1
2022,"Buffalo","Mid-American",13,24404,250,419,2795,15,8,512,1820,22,4615,9,17,268,197,81,19,31,61,565,28,594,0,10,10,0,11,167,1
2022,"Louisiana Tech","Conference USA",12,21663,254,434,3207,25,19,400,1505,14,4712,6,25,233,177,65,13,29,81,767,36,745,0,21,253,0,11,135,2
2022,"UNLV","Mountain West",12,20749,227,361,2580,15,7,403,1647,18,4227,8,15,211,156,52,10,19,69,687,22,429,0,11,75,0,15,232,2
2022,"Boston College","ACC",12,21062,262,440,2965,21,14,363,768,6,3733,12,26,201,174,57,8,18,72,582,30,623,0,14,85,0,7,87,0
2022,"Miami (OH)","Mid-American",13,23410,184,337,2152,15,5,483,1831,14,3983,6,11,223,185,59,11,22,71,628,18,299,0,24,172,0,11,173,1
2022,"LSU","SEC",14,26058,322,480,3770,23,7,518,2573,39,6343,12,19,345,179,87,11,22,84,730,17,337,0,17,88,0,9,197,2
2022,"Syracuse","ACC",13,22022,228,370,3011,19,9,443,1860,21,4871,4,13,263,151,56,5,12,112,823,20,502,0,25,195,0,10,86,2
2022,"Nebraska","Big Ten",12,19301,205,340,2650,17,13,420,1480,17,4130,6,19,217,165,66,3,7,65,510,26,444,0,6,77,1,9,40,0
2022,"Texas State","Sun Belt",12,21939,274,442,2649,19,10,383,1236,9,3885,7,17,212,185,68,7,21,58,531,25,434,0,17,140,0,11,188,2
2022,"Minnesota","Big Ten",13,26890,172,281,2369,12,9,582,2696,33,5065,4,13,280,168,87,6,11,46,413,23,543,0,13,78,0,14,201,1
2022,"BYU","FBS Independents",13,22744,257,392,3246,32,7,438,2293,19,5539,3,10,285,157,71,8,24,74,692,23,450,0,14,127,0,8,150,3
2022,"New Mexico","Mountain West",12,20849,138,256,1266,3,9,438,1456,12,2722,5,14,157,159,35,4,14,73,614,26,560,1,18,111,0,9,90,1
2022,"James Madison","Sun Belt",11,22204,200,327,2918,27,10,479,2059,24,4977,10,20,249,151,60,9,20,56,439,22,403,0,20,114,0,11,97,2
2022,"Alabama","SEC",13,23330,280,438,3660,37,8,458,2544,26,6204,8,16,310,162,74,9,15,103,893,21,372,0,30,456,2,7,74,1
2022,"Wyoming","Mountain West",13,22703,156,304,1719,11,12,479,2358,16,4077,3,15,208,175,61,2,7,56,488,15,309,0,7,29,1,6,54,1
2022,"Tennessee","SEC",13,19684,290,422,4239,38,3,523,2593,40,6832,8,11,330,166,68,23,34,105,904,18,340,0,20,331,1,11,70,0
2022,"Oklahoma State","Big 12",13,21663,292,524,3634,24,18,476,1633,20,5267,5,23,289,204,72,5,16,46,436,33,779,1,16,147,1,13,104,0
2022,"Washington","Pac-12",13,24444,373,575,4807,32,9,402,1893,33,6700,2,11,354,183,104,16,29,88,781,25,487,0,11,121,0,7,2,0
2022,"Rice","Conference USA",13,25597,233,403,3027,23,20,460,1838,17,4865,12,32,261,173,72,12,27,79,698,26,440,0,18,161,0,8,154,1
2022,"Northwestern","Big Ten",12,20900,245,417,2524,10,17,469,1501,11,4025,13,30,228,193,72,19,39,55,490,12,199,0,8,19,0,6,16,0
2022,"Western Michigan","Mid-American",12,21911,167,335,1988,10,13,465,1635,14,3623,8,21,199,185,58,13,27,80,755,34,664,1,10,47,0,11,180,2
2022,"Kent State","Mid-American",12,18812,194,349,2582,17,8,517,2433,23,5015,5,13,274,175,72,12,24,80,652,38,847,0,17,113,1,7,71,1
2022,"Toledo","Mid-American",14,24795,247,439,3149,31,15,580,2489,23,5638,11,26,308,208,85,16,27,94,775,22,342,0,31,252,0,12,87,2
2022,"California","Pac-12",12,20679,291,466,3217,23,9,318,1158,10,4375,3,12,231,167,59,12,22,63,535,20,342,0,22,240,0,11,127,1
2022,"Georgia Southern","Sun Belt",13,21582,373,611,4282,28,16,371,1783,23,6065,5,21,327,195,90,13,23,66,595,26,451,0,19,189,1,11,104,1
2022,"Wisconsin","Big Ten",13,24295,188,326,2390,21,11,501,2337,21,4727,7,18,233,169,68,7,15,81,751,28,635,0,24,132,0,17,241,2
2022,"Iowa","Big Ten",13,22058,192,349,2037,7,7,423,1234,12,3271,10,17,180,176,49,5,15,53,420,19,438,0,31,300,0,15,206,4
2022,"Marshall","Sun Belt",13,24818,225,367,2496,16,10,596,2668,20,5164,9,19,270,206,77,6,21,93,859,20,386,0,24,144,1,18,162,3
2022,"Army","FBS Independents",12,22773,42,104,924,5,4,645,3467,38,4391,8,12,211,159,70,16,30,58,465,13,211,0,15,167,3,10,74,0
2022,"Ohio","Mid-American",14,27015,302,464,3893,28,5,493,2008,23,5901,8,13,290,188,79,6,17,69,618,58,1115,1,15,31,0,12,163,0
2022,"Purdue","Big Ten",14,26767,368,581,3895,26,17,467,1695,17,5590,6,23,322,208,80,18,33,74,748,28,484,0,23,164,0,15,289,3
2022,"Kansas State","Big 12",14,26643,242,388,2947,21,6,569,2916,32,5863,6,12,281,195,76,17,29,74,601,35,804,0,16,197,2,16,101,1
2022,"East Carolina","American Athletic",13,24332,323,484,3776,28,5,423,2218,25,5994,2,7,293,181,84,13,29,56,489,33,735,1,19,134,0,10,120,1
2022,"NC State","ACC",13,24481,269,471,2939,23,8,442,1479,8,4418,8,16,265,196,71,8,20,95,752,19,438,0,21,160,1,19,172,1
2023,"California","Pac-12",13,22364,258,434,2836,22,16,497,2250,26,5086,12,28,278,191,74,17,33,72,583,25,486,1,11,30,0,12,68,0
2023,"San Diego State","Mountain West",12,23606,202,319,2061,10,10,454,1851,16,3912,7,17,206,174,61,13,23,59,528,30,589,0,22,185,0,12,206,1
2023,"Rice","American Athletic",13,24201,268,431,3282,29,16,387,1436,21,4718,9,25,247,158,60,16,24,74,628,26,548,0,22,223,1,5,98,0
2023,"Texas","Big 12",14,26223,317,475,4047,25,9,527,2638,29,6685,9,18,323,185,71,19,31,92,731,33,636,1,27,393,2,16,210,2
2023,"Florida International","Conference USA",12,19643,220,383,2760,12,12,380,1083,17,3843,9,21,184,169,48,16,33,70,607,27,480,0,14,103,0,6,118,1
2023,"Troy","Sun Belt",14,26037,279,456,3712,29,6,485,2154,19,5866,12,18,298,189,77,13,29,72,650,21,413,0,17,91,0,10,63,1
2023,"Mississippi State","SEC",12,20641,201,348,2182,15,10,401,1761,12,3943,4,14,199,159,49,10,24,75,682,23,550,1,17,200,1,7,61,0
2023,"Baylor","Big 12",12,22827,263,442,3156,15,7,413,1378,13,4534,8,15,238,177,64,22,48,49,347,42,996,2,13,201,0,7,14,0
2023,"Washington State","Pac-12",12,21403,341,511,4028,27,9,341,1011,17,5039,12,21,272,159,67,12,26,73,597,22,456,1,9,70,0,8,162,2
2023,"Wake Forest","ACC",12,20950,192,321,2352,14,12,468,1565,13,3917,10,22,239,161,55,8,19,49,466,23,528,1,16,148,0,8,141,0
2023,"Maryland","Big Ten",13,21991,307,477,3626,27,13,382,1409,20,5035,8,21,271,176,74,13,19,71,735,23,453,1,12,101,0,17,166,1
2023,"Army","FBS Independents",12,23429,83,164,1234,7,11,573,2505,19,3739,11,22,195,156,59,20,34,47,435,13,223,0,11,149,2,9,180,1
2023,"Michigan","Big Ten",15,29002,260,361,3205,24,5,563,2536,40,5741,3,8,297,173,74,17,22,45,412,18,251,0,31,316,0,18,419,4
2023,"Memphis","American Athletic",13,24285,321,481,3984,33,10,429,1976,31,5960,5,15,295,172,78,18,28,53,536,27,566,0,16,118,0,11,205,3
2023,"Wisconsin","Big Ten",13,22837,281,469,2862,14,5,454,2095,22,4957,12,17,260,199,88,5,20,73,625,25,531,0,22,194,0,13,171,1
2023,"Texas A&M","SEC",13,24498,274,426,3520,24,10,456,1770,23,5290,5,15,288,175,76,12,20,77,591,23,399,0,29,324,1,9,37,1
2023,"Hawai'i","Mountain West",13,23136,337,537,3593,27,15,324,989,6,4582,8,23,251,183,68,16,31,80,733,21,410,0,15,101,0,7,63,0
2023,"SMU","American Athletic",14,25291,274,465,3897,33,8,556,2472,29,6369,6,14,329,196,84,17,29,64,563,25,449,0,27,265,1,12,172,4
2023,"Florida State","ACC",14,24689,260,433,3508,25,4,463,2102,32,5610,5,9,274,182,66,10,21,85,792,17,407,1,26,298,0,10,53,1
2023,"San José State","Mountain West",13,23863,230,376,2853,21,4,429,2393,31,5246,6,10,269,153,68,7,19,74,638,21,284,0,11,182,2,12,230,1
2023,"Virginia","ACC",12,22614,248,396,3010,19,14,454,1415,12,4425,6,20,252,183,66,12,20,78,663,20,389,0,19,61,0,8,80,1
2023,"Tulane","American Athletic",14,26329,229,368,3010,25,7,527,2171,16,5181,13,20,257,186,71,19,32,67,600,28,670,1,15,126,1,17,138,0
2023,"Western Michigan","Mid-American",12,21550,247,393,2534,13,9,479,1840,21,4374,4,13,235,179,64,19,39,85,747,28,512,0,7,64,0,9,2,0
2023,"Cincinnati","Big 12",12,23017,218,360,2508,21,11,517,2605,14,5113,6,17,267,176,74,14,31,68,631,16,249,0,15,52,0,8,100,0
2023,"Auburn","SEC",13,22670,189,317,2109,18,13,513,2457,22,4566,7,20,241,166,54,13,26,71,570,34,708,0,25,250,1,12,179,1
2023,"Georgia","SEC",14,28119,328,456,4274,29,7,501,2676,40,6950,7,14,363,165,89,9,12,62,601,25,610,0,24,260,1,14,135,1
2023,"Toledo","Mid-American",14,23459,232,377,3083,26,10,524,2784,31,5867,11,21,284,179,79,13,22,93,866,42,868,1,20,108,0,11,96,1
2023,"Nevada","Mountain West",12,21830,191,345,2102,6,12,443,1498,14,3600,8,20,200,174,52,10,23,81,702,28,484,0,7,118,0,9,287,3
2023,"Arkansas","SEC",12,22123,207,323,2250,22,8,472,1668,9,3918,10,18,208,175,67,10,16,76,665,24,475,0,16,180,1,12,235,4
2023,"NC State","ACC",13,25313,224,379,2519,19,12,478,2036,19,4555,3,15,241,188,75,9,15,75,602,24,537,1,17,171,0,17,178,2
2023,"UNLV","Mountain West",14,23710,251,404,3349,17,12,538,2429,39,5778,7,19,285,206,101,9,20,96,865,43,994,0,20,314,0,17,110,1
2023,"Utah","Pac-12",13,26578,189,328,2156,15,11,562,2373,19,4529,2,13,244,196,81,12,29,64,536,21,425,0,24,111,0,8,82,2
2023,"BYU","Big 12",12,20393,220,396,2465,17,9,360,1252,15,3717,10,19,201,156,45,13,26,64,516,30,612,0,23,93,0,14,208,2
2023,"Boise State","Mountain West",14,26196,216,372,3098,20,13,560,3008,34,6106,8,21,300,185,85,9,11,52,448,26,502,0,8,27,0,11,76,0
2023,"USC","Pac-12",13,21558,314,461,4329,37,6,362,1735,33,6064,11,17,292,143,62,11,18,95,844,30,552,1,23,380,1,7,127,1
2023,"Texas State","Sun Belt",13,22755,287,429,3522,24,9,529,2439,33,5961,14,23,311,184,81,21,32,95,900,39,1017,2,13,100,0,11,141,2
2023,"TCU","Big 12",12,19699,319,503,3746,27,15,406,1854,19,5600,4,19,300,177,82,16,32,74,643,32,700,0,15,152,1,8,129,1
2023,"Georgia State","Sun Belt",13,23127,249,367,2672,20,7,513,2445,25,5117,8,15,254,189,86,9,19,83,748,22,371,0,11,34,1,11,146,1
2023,"Buffalo","Mid-American",12,21988,212,394,2223,14,11,435,1603,15,3826,8,19,206,184,63,15,41,58,499,35,555,0,12,58,0,11,232,2
2023,"Colorado State","Mountain West",12,19135,311,501,3678,24,18,332,1114,10,4792,7,25,247,175,72,8,19,91,838,26,580,1,13,150,1,9,74,0
2023,"Iowa","Big Ten",14,23979,170,348,1661,9,11,486,1635,11,3296,11,22,180,204,60,7,14,51,433,19,444,0,31,319,1,10,126,1
2023,"Stanford","Pac-12",12,22521,233,427,2796,11,10,414,1425,15,4221,4,14,234,183,65,9,27,75,709,22,337,0,7,48,0,8,49,0
2023,"Miami (OH)","Mid-American",14,24891,165,294,2316,16,7,503,2213,23,4529,9,16,214,167,60,4,13,66,547,26,522,0,25,299,0,11,130,0
2023,"Charlotte","American Athletic",12,23255,186,328,2013,7,16,464,1740,16,3753,6,22,202,169,40,19,35,83,703,30,619,0,24,227,1,11,107,1
2023,"UTEP","Conference USA",12,22623,178,330,2612,13,12,447,1732,16,4344,6,18,220,158,52,14,31,82,706,13,247,0,8,96,1,6,86,0
2023,"Oklahoma","Big 12",13,22662,310,453,4223,34,9,521,2368,32,6591,11,20,332,178,87,13,19,88,756,21,442,0,23,137,1,20,344,4
2023,"Arizona","Pac-12",13,24059,332,464,4008,36,11,398,1816,17,5824,3,14,299,163,80,10,15,82,689,12,166,0,15,101,1,9,88,0
2023,"New Mexico","Mountain West",12,23352,198,353,2615,17,10,440,2312,26,4927,5,15,278,145,59,9,14,118,1073,31,483,0,4,-7,0,4,3,0
2023,"Bowling Green","Mid-American",13,23823,213,356,2454,17,14,429,1786,22,4240,5,19,219,157,52,15,25,90,792,23,462,0,19,148,1,17,282,2
2023,"South Carolina","SEC",12,20375,283,412,3336,21,8,369,1021,17,4357,5,13,217,161,54,9,24,85,661,20,352,0,15,112,1,10,129,1
2023,"Florida Atlantic","American Athletic",12,19734,265,412,2586,19,15,369,1383,16,3969,2,17,215,168,57,13,34,41,400,27,449,0,15,282,1,10,99,2
2023,"Northern Illinois","Mid-American",13,24601,211,366,2467,15,9,467,2335,23,4802,9,18,243,175,73,10,20,58,517,26,414,0,13,104,1,10,92,0
2023,"Texas Tech","Big 12",13,22425,284,471,2909,24,18,474,2117,17,5026,5,23,285,194,77,24,37,70,649,33,841,1,15,261,1,13,121,1
2023,"Vanderbilt","SEC",12,20723,217,390,2680,23,13,350,1143,10,3823,7,20,204,160,52,8,27,59,510,27,545,1,16,163,0,12,132,2
2023,"Michigan State","Big Ten",12,20224,222,381,2366,14,13,371,1064,7,3430,9,22,198,161,49,10,20,81,708,17,320,0,13,89,0,9,22,0
2023,"Ohio State","Big Ten",13,22955,255,400,3498,26,7,431,1805,20,5303,6,13,272,168,72,10,18,74,579,13,259,0,17,75,0,7,230,3
2023,"Iowa State","Big 12",13,22743,241,381,3185,23,8,382,1559,16,4744,3,11,212,174,68,10,16,63,569,19,382,0,17,128,0,16,150,1
2023,"Middle Tennessee","Conference USA",12,20553,295,438,3187,23,13,384,1506,13,4693,8,21,232,182,72,10,22,81,675,14,260,0,11,120,0,8,96,0
2023,"Clemson","ACC",13,25818,302,474,2969,20,9,524,2266,24,5235,13,22,300,198,79,14,27,64,549,12,287,0,23,182,0,16,244,4
2023,"Indiana","Big Ten",12,21187,215,366,2548,18,10,434,1456,13,4004,8,18,236,169,62,9,26,66,612,31,657,1,13,31,0,10,98,1
2023,"South Florida","American Athletic",13,22298,287,447,3494,27,11,580,2377,23,5871,10,21,300,208,78,20,46,97,852,21,414,0,20,105,0,14,175,1
2023,"Colorado","Pac-12",12,19854,323,474,3536,29,4,358,827,12,4363,7,11,254,177,68,10,15,107,854,17,319,0,18,176,0,10,74,1
2023,"Kansas State","Big 12",13,24870,258,427,3135,30,10,532,2666,32,5801,2,12,310,188,90,14,24,63,568,19,328,0,16,87,0,13,136,1
2023,"Southern Miss","Sun Belt",12,23943,188,365,2288,15,8,486,1961,16,4249,8,16,243,188,72,11,25,75,578,40,879,1,16,167,1,9,41,0
2023,"Kent State","Mid-American",12,20758,160,306,1974,11,6,441,1271,8,3245,6,12,180,172,51,12,26,65,554,42,887,0,14,106,0,6,0,0
2023,"Wyoming","Mountain West",13,23597,189,304,2191,20,6,468,2060,19,4251,5,11,242,152,56,6,9,51,434,18,258,0,9,33,0,11,120,1
2023,"Oklahoma State","Big 12",14,25144,344,570,3871,18,16,449,2173,29,6044,6,22,303,209,80,11,20,70,578,34,651,0,12,42,0,13,194,1
2023,"Miami","ACC",13,24860,283,436,3354,23,14,440,2251,24,5605,8,22,285,164,67,11,21,79,751,33,791,1,12,79,0,12,118,1
2023,"Arizona State","Pac-12",12,21799,243,440,2524,8,14,374,1334,17,3858,6,20,226,173,53,18,38,69,622,31,710,0,10,100,0,5,47,0
2023,"UCF","Big 12",13,22523,229,366,3364,24,11,529,2967,28,6331,7,18,300,169,83,13,23,79,651,20,390,0,17,156,0,12,135,0
2023,"Eastern Michigan","Mid-American",13,22617,197,358,1976,10,12,428,1457,18,3433,6,18,207,180,63,10,19,79,747,35,729,3,13,142,0,7,65,0
2023,"North Carolina","ACC",13,22320,292,460,3881,26,11,498,2505,28,6386,6,17,319,189,92,9,20,93,862,14,257,0,9,114,1,12,64,0
2023,"Ball State","Mid-American",12,23577,181,304,1640,9,8,472,2057,15,3697,8,16,217,168,63,10,18,62,542,26,452,0,14,15,0,5,49,0
2023,"Boston College","ACC",13,24542,204,361,2394,15,14,547,2556,25,4950,5,19,279,191,79,29,38,85,717,20,311,0,12,112,0,8,45,1
2023,"Penn State","Big Ten",13,25370,246,412,2795,30,2,515,2407,26,5202,6,8,292,185,75,20,26,65,563,16,372,0,29,336,2,12,177,1
2023,"Northwestern","Big Ten",13,22322,241,389,2626,20,8,458,1325,13,3951,1,9,218,192,77,3,14,69,554,28,584,0,11,70,0,13,101,0
2023,"App State","Sun Belt",14,26262,299,471,3827,34,10,534,2402,23,6229,12,22,332,189,79,18,28,61,567,27,604,0,2,37,0,15,149,2
2023,"Liberty","Conference USA",14,27786,178,303,2882,32,6,670,4106,39,6988,12,18,346,158,78,11,21,88,875,26,532,0,13,86,0,21,181,2
2023,"Akron","Mid-American",12,21285,258,425,2371,10,15,346,972,12,3343,6,21,200,171,57,8,23,83,722,36,632,0,18,110,0,6,191,1
2023,"South Alabama","Sun Belt",13,23830,291,428,3486,28,11,469,2240,28,5726,9,20,294,174,75,17,27,87,750,18,312,0,24,252,0,13,70,0
2023,"North Texas","American Athletic",12,21025,284,463,3657,33,9,449,2294,19,5951,10,19,297,174,73,21,35,57,559,37,720,0,11,50,0,10,50,0
2023,"Purdue","Big Ten",12,21909,234,392,2534,15,10,462,2025,20,4559,8,18,245,176,63,11,28,72,691,22,509,1,20,159,0,10,79,0
2023,"Nebraska","Big Ten",12,22246,136,261,1631,10,16,478,2122,16,3753,15,31,197,154,59,8,16,60,508,15,335,0,16,48,0,9,71,0
2023,"Pittsburgh","ACC",12,19883,192,360,2592,17,12,356,1223,10,3815,9,21,195,150,47,10,20,94,773,26,488,1,23,108,0,10,141,1
2023,"UCLA","Pac-12",13,22643,238,410,2979,24,14,527,2573,21,5552,8,22,278,198,88,15,32,92,755,21,428,0,19,126,0,15,108,0
2023,"Coastal Carolina","Sun Belt",13,24831,273,410,3401,24,9,465,2010,17,5411,8,17,275,172,76,9,24,73,749,31,482,0,14,69,0,14,283,2
2023,"Temple","American Athletic",12,20416,283,508,3320,23,16,331,1155,9,4475,9,25,247,173,66,23,45,54,440,39,688,1,14,76,0,3,2,0
2023,"Ohio","Mid-American",13,26050,239,383,2647,16,9,485,1877,18,4524,4,13,271,184,84,8,16,73,673,15,273,0,15,41,0,15,137,1
2023,"Central Michigan","Mid-American",12,21758,183,325,2216,15,11,456,1914,21,4130,4,15,227,167,57,16,23,80,697,45,868,1,16,72,0,5,26,0
2023,"UAB","American Athletic",12,21050,306,427,3467,22,13,426,1933,24,5400,7,20,284,159,64,13,27,80,675,31,572,0,7,60,0,10,137,1
2023,"UTSA","American Athletic",13,23509,290,446,3248,25,14,516,2233,27,5481,8,22,294,194,92,15,26,73,666,19,319,0,18,125,1,10,250,0
2023,"Massachusetts","FBS Independents",12,21422,212,348,2569,14,11,390,1706,19,4275,6,17,213,151,55,3,13,96,851,41,713,0,13,80,0,8,135,2
2023,"Syracuse","ACC",13,22057,191,315,2237,17,15,530,2230,20,4467,9,24,232,179,70,10,20,95,801,21,381,0,27,272,0,9,215,3
2023,"Air Force","Mountain West",13,26088,55,105,1105,7,6,711,3648,36,4753,11,17,255,168,78,17,25,39,322,4,76,0,8,23,0,10,162,2
2023,"Tennessee","SEC",13,19457,263,411,3163,22,5,489,2662,23,5825,7,12,284,176,74,7,18,101,883,15,293,0,23,251,1,12,239,4
2023,"Jacksonville State","Conference USA",13,20844,182,350,2223,12,12,647,3077,35,5300,9,21,289,207,78,14,27,63,564,11,222,0,18,104,1,16,249,0
2023,"Florida","SEC",12,23838,281,389,3086,20,5,422,1819,21,4905,7,12,259,150,55,9,22,79,595,16,331,0,14,151,0,3,38,0
2023,"Louisiana","Sun Belt",13,22690,238,367,2817,23,9,469,2298,25,5115,11,20,265,167,68,11,20,79,647,43,956,1,19,102,0,13,149,3
2023,"Louisville","ACC",14,27062,266,408,3313,22,12,533,2499,31,5812,7,19,292,176,65,13,24,78,681,25,475,0,30,132,1,13,149,0
2023,"Georgia Tech","ACC",13,22348,231,379,2871,27,17,492,2649,24,5520,4,21,289,167,72,12,23,67,582,24,510,0,12,121,0,15,167,0
2023,"Minnesota","Big Ten",13,24863,164,312,1864,16,11,505,2048,13,3912,6,17,237,176,62,14,17,39,352,25,362,0,9,111,0,12,114,0
2023,"LSU","SEC",13,22504,286,411,4407,44,5,430,2658,34,7065,3,8,334,130,71,6,15,79,672,22,399,0,7,74,0,10,107,1
2023,"Houston","Big 12",12,20118,260,407,2897,24,13,359,1425,10,4322,2,15,230,154,56,7,27,68,590,29,625,2,15,100,0,9,152,1
2023,"UConn","FBS Independents",12,22510,219,381,2284,12,7,394,1639,15,3923,10,17,217,166,58,8,21,73,645,34,628,0,11,47,0,6,45,1
2023,"UL Monroe","Sun Belt",12,19468,177,345,2098,15,13,415,1755,7,3853,5,18,190,173,56,9,26,71,643,29,493,0,10,96,1,11,154,1
2023,"Sam Houston","Conference USA",12,21382,282,448,2668,15,12,368,1069,13,3737,4,16,219,183,65,13,22,61,506,27,440,0,21,144,0,13,217,2
2023,"Oregon","Pac-12",14,26079,397,514,4857,49,5,437,2583,33,7440,2,7,369,155,79,19,25,93,848,20,308,0,21,201,0,12,58,1
2023,"Washington","Pac-12",15,27149,376,575,5155,38,12,411,1776,28,6931,8,20,345,174,76,14,22,112,1029,34,703,0,19,184,1,16,321,2
2023,"Utah State","Mountain West",13,20951,269,436,3305,35,19,496,2397,18,5702,6,25,282,186,67,18,32,97,921,19,375,0,29,259,0,10,263,3
2023,"James Madison","Sun Belt",13,24420,289,429,3715,36,11,445,1731,17,5446,4,15,275,164,60,8,16,72,521,23,430,0,20,263,1,13,159,2
2023,"New Mexico State","Conference USA",15,28330,235,393,3206,28,10,526,2979,22,6185,5,15,307,171,74,11,19,93,874,18,337,0,18,135,0,7,88,1
2023,"Marshall","Sun Belt",13,22974,268,425,2940,12,18,452,1725,21,4665,11,29,236,181,56,6,25,85,766,33,807,2,9,19,0,13,131,2
2023,"Western Kentucky","Conference USA",13,23043,343,539,3837,38,14,357,1386,12,5223,9,23,263,191,83,16,26,59,478,24,461,0,11,40,0,15,131,1
2023,"West Virginia","Big 12",13,25362,178,332,2674,18,7,565,2976,32,5650,6,13,289,174,69,19,36,66,603,19,360,0,21,223,1,11,170,0
2023,"Tulsa","American Athletic",12,21386,190,334,2456,20,19,527,2171,13,4627,5,24,238,195,87,7,16,61,519,15,320,0,7,67,0,10,-1,0
2023,"Alabama","SEC",14,25815,208,325,3086,23,6,561,2417,32,5503,5,11,277,182,82,5,7,78,655,25,533,0,21,178,1,12,125,1
2023,"Fresno State","Mountain West",13,22900,336,515,3657,29,12,369,1384,16,5041,2,14,272,187,90,9,14,57,517,37,819,1,20,184,0,17,85,0
2023,"Illinois","Big Ten",12,20449,261,414,3191,23,13,396,1501,12,4692,10,23,244,161,59,13,24,79,749,25,454,0,12,133,0,7,103,2
2023,"Rutgers","Big Ten",13,24819,142,294,1788,10,8,517,2194,24,3982,5,13,227,169,62,16,25,66,587,4,165,0,10,48,2,9,52,0
2023,"Ole Miss","SEC",13,21639,256,395,3713,26,6,535,2294,29,6007,1,7,305,176,65,25,36,93,768,21,309,0,14,117,1,13,145,0
2023,"East Carolina","American Athletic",12,20874,208,388,1967,7,14,386,1340,12,3307,7,21,181,175,53,9,26,70,651,21,330,0,14,103,0,6,73,2
2023,"Notre Dame","FBS Independents",13,24019,227,351,3205,31,9,457,2414,28,5619,8,17,273,146,66,10,17,69,623,22,575,1,15,168,1,16,252,2
2023,"Kentucky","SEC",13,21518,211,375,2751,25,12,339,1660,18,4411,8,20,220,138,52,2,10,79,661,23,678,3,8,73,0,11,181,3
2023,"Georgia Southern","Sun Belt",13,24261,376,577,3929,26,20,377,1522,16,5451,11,31,300,185,85,13,22,76,673,43,967,1,29,206,0,13,154,3
2023,"Louisiana Tech","Conference USA",12,21415,269,422,3131,16,11,381,1495,20,4603,7,18,241,155,46,15,30,81,753,30,552,0,32,268,2,5,49,1
2023,"Oregon State","Pac-12",13,23968,222,380,3148,26,8,445,2172,26,5320,5,13,278,148,57,17,30,73,655,29,547,0,14,234,1,12,153,1
2023,"Navy","American Athletic",12,22507,102,199,1268,10,5,548,2335,16,3603,7,12,174,173,50,16,26,68,552,24,477,0,20,176,0,10,174,1
2023,"Kansas","Big 12",13,24023,200,311,3121,24,11,499,2678,32,5799,6,17,279,145,70,7,19,73,740,31,616,0,6,119,1,14,177,3
2023,"Missouri","SEC",13,23742,247,376,3395,23,7,497,2233,25,5628,2,9,280,169,72,11,15,93,705,22,409,0,9,71,0,9,47,1
2023,"Virginia Tech","ACC",13,24306,204,356,2619,23,5,499,2469,20,5088,10,15,258,175,61,17,26,82,752,31,716,2,27,289,0,7,64,0
2023,"Duke","ACC",13,22615,200,357,2351,14,8,448,2168,26,4519,7,15,243,166,60,12,20,73,598,16,338,0,17,149,0,10,53,1
2023,"Arkansas State","Sun Belt",13,20503,208,370,2931,17,9,459,1926,20,4857,4,13,257,169,60,7,20,80,792,30,761,1,17,164,1,8,194,2
2023,"Old Dominion","Sun Belt",13,19359,204,361,2532,20,11,474,1996,15,4528,7,18,215,187,69,7,26,84,788,31,501,0,19,137,0,11,275,2
